--
-- PostgreSQL database dump
--

SET client_encoding = 'UNICODE';
SET check_function_bodies = false;

SET search_path = public, pg_catalog;

--
-- Data for TOC entry 3 (OID 1614058)
-- Name: language; Type: TABLE DATA; Schema: public; Owner: carlos
--

INSERT INTO "language" (id, code, englishname, nativename, pluralforms, pluralexpression) VALUES (1, 'aa', 'Afar', NULL, NULL, NULL);
INSERT INTO "language" (id, code, englishname, nativename, pluralforms, pluralexpression) VALUES (2, 'ab', 'Abkhazian', NULL, NULL, NULL);
INSERT INTO "language" (id, code, englishname, nativename, pluralforms, pluralexpression) VALUES (3, 'ace', 'Achinese', NULL, NULL, NULL);
INSERT INTO "language" (id, code, englishname, nativename, pluralforms, pluralexpression) VALUES (4, 'ach', 'Acoli', NULL, NULL, NULL);
INSERT INTO "language" (id, code, englishname, nativename, pluralforms, pluralexpression) VALUES (5, 'ada', 'Adangme', NULL, NULL, NULL);
INSERT INTO "language" (id, code, englishname, nativename, pluralforms, pluralexpression) VALUES (6, 'ady', 'Adyghe; Adygei', NULL, NULL, NULL);
INSERT INTO "language" (id, code, englishname, nativename, pluralforms, pluralexpression) VALUES (7, 'afa', 'Afro-Asiatic (Other)', NULL, NULL, NULL);
INSERT INTO "language" (id, code, englishname, nativename, pluralforms, pluralexpression) VALUES (8, 'afh', 'Afrihili', NULL, NULL, NULL);
INSERT INTO "language" (id, code, englishname, nativename, pluralforms, pluralexpression) VALUES (9, 'af', 'Afrikaans', NULL, 2, 'n != 1');
INSERT INTO "language" (id, code, englishname, nativename, pluralforms, pluralexpression) VALUES (10, 'aka', 'Akan', NULL, NULL, NULL);
INSERT INTO "language" (id, code, englishname, nativename, pluralforms, pluralexpression) VALUES (11, 'ak', 'Akkadian', NULL, NULL, NULL);
INSERT INTO "language" (id, code, englishname, nativename, pluralforms, pluralexpression) VALUES (12, 'sq', 'Albanian', NULL, 2, 'n != 1');
INSERT INTO "language" (id, code, englishname, nativename, pluralforms, pluralexpression) VALUES (13, 'ale', 'Aleut', NULL, NULL, NULL);
INSERT INTO "language" (id, code, englishname, nativename, pluralforms, pluralexpression) VALUES (14, 'alg', 'Algonquian languages', NULL, NULL, NULL);
INSERT INTO "language" (id, code, englishname, nativename, pluralforms, pluralexpression) VALUES (15, 'am', 'Amharic', NULL, 2, 'n > 1');
INSERT INTO "language" (id, code, englishname, nativename, pluralforms, pluralexpression) VALUES (16, 'ang', 'English, Old (ca.450-1100)', NULL, NULL, NULL);
INSERT INTO "language" (id, code, englishname, nativename, pluralforms, pluralexpression) VALUES (17, 'apa', 'Apache languages', NULL, NULL, NULL);
INSERT INTO "language" (id, code, englishname, nativename, pluralforms, pluralexpression) VALUES (18, 'ar', 'Arabic', NULL, NULL, NULL);
INSERT INTO "language" (id, code, englishname, nativename, pluralforms, pluralexpression) VALUES (19, 'arc', 'Aramaic', NULL, NULL, NULL);
INSERT INTO "language" (id, code, englishname, nativename, pluralforms, pluralexpression) VALUES (20, 'an', 'Aragonese', NULL, 2, 'n != 1');
INSERT INTO "language" (id, code, englishname, nativename, pluralforms, pluralexpression) VALUES (21, 'hy', 'Armenian', NULL, NULL, NULL);
INSERT INTO "language" (id, code, englishname, nativename, pluralforms, pluralexpression) VALUES (22, 'arn', 'Araucanian', NULL, NULL, NULL);
INSERT INTO "language" (id, code, englishname, nativename, pluralforms, pluralexpression) VALUES (23, 'arp', 'Arapaho', NULL, NULL, NULL);
INSERT INTO "language" (id, code, englishname, nativename, pluralforms, pluralexpression) VALUES (24, 'art', 'Artificial (Other)', NULL, NULL, NULL);
INSERT INTO "language" (id, code, englishname, nativename, pluralforms, pluralexpression) VALUES (25, 'arw', 'Arawak', NULL, NULL, NULL);
INSERT INTO "language" (id, code, englishname, nativename, pluralforms, pluralexpression) VALUES (26, 'as', 'Assamese', NULL, NULL, NULL);
INSERT INTO "language" (id, code, englishname, nativename, pluralforms, pluralexpression) VALUES (27, 'ast', 'Asturian; Bable', NULL, NULL, NULL);
INSERT INTO "language" (id, code, englishname, nativename, pluralforms, pluralexpression) VALUES (28, 'ath', 'Athapascan language', NULL, NULL, NULL);
INSERT INTO "language" (id, code, englishname, nativename, pluralforms, pluralexpression) VALUES (29, 'aus', 'Australian languages', NULL, NULL, NULL);
INSERT INTO "language" (id, code, englishname, nativename, pluralforms, pluralexpression) VALUES (30, 'av', 'Avaric', NULL, NULL, NULL);
INSERT INTO "language" (id, code, englishname, nativename, pluralforms, pluralexpression) VALUES (31, 'ae', 'Avestan', NULL, NULL, NULL);
INSERT INTO "language" (id, code, englishname, nativename, pluralforms, pluralexpression) VALUES (32, 'awa', 'Awadhi', NULL, NULL, NULL);
INSERT INTO "language" (id, code, englishname, nativename, pluralforms, pluralexpression) VALUES (33, 'ay', 'Aymara', NULL, NULL, NULL);
INSERT INTO "language" (id, code, englishname, nativename, pluralforms, pluralexpression) VALUES (34, 'az', 'Azerbaijani', NULL, 2, 'n != 1');
INSERT INTO "language" (id, code, englishname, nativename, pluralforms, pluralexpression) VALUES (35, 'bad', 'Banda', NULL, NULL, NULL);
INSERT INTO "language" (id, code, englishname, nativename, pluralforms, pluralexpression) VALUES (36, 'bai', 'Bamileke languages', NULL, NULL, NULL);
INSERT INTO "language" (id, code, englishname, nativename, pluralforms, pluralexpression) VALUES (37, 'ba', 'Bashkir', NULL, NULL, NULL);
INSERT INTO "language" (id, code, englishname, nativename, pluralforms, pluralexpression) VALUES (38, 'bal', 'Baluchi', NULL, NULL, NULL);
INSERT INTO "language" (id, code, englishname, nativename, pluralforms, pluralexpression) VALUES (39, 'bm', 'Bambara', NULL, NULL, NULL);
INSERT INTO "language" (id, code, englishname, nativename, pluralforms, pluralexpression) VALUES (40, 'ban', 'Balinese', NULL, NULL, NULL);
INSERT INTO "language" (id, code, englishname, nativename, pluralforms, pluralexpression) VALUES (41, 'eu', 'Basque', NULL, 2, 'n != 1');
INSERT INTO "language" (id, code, englishname, nativename, pluralforms, pluralexpression) VALUES (42, 'bas', 'Basa', NULL, NULL, NULL);
INSERT INTO "language" (id, code, englishname, nativename, pluralforms, pluralexpression) VALUES (43, 'bat', 'Baltic (Other)', NULL, NULL, NULL);
INSERT INTO "language" (id, code, englishname, nativename, pluralforms, pluralexpression) VALUES (44, 'bej', 'Beja', NULL, NULL, NULL);
INSERT INTO "language" (id, code, englishname, nativename, pluralforms, pluralexpression) VALUES (45, 'be', 'Belarusian', NULL, NULL, NULL);
INSERT INTO "language" (id, code, englishname, nativename, pluralforms, pluralexpression) VALUES (46, 'bem', 'Bemba', NULL, NULL, NULL);
INSERT INTO "language" (id, code, englishname, nativename, pluralforms, pluralexpression) VALUES (47, 'bn', 'Bengali', NULL, NULL, NULL);
INSERT INTO "language" (id, code, englishname, nativename, pluralforms, pluralexpression) VALUES (48, 'ber', 'Berber (Other)', NULL, NULL, NULL);
INSERT INTO "language" (id, code, englishname, nativename, pluralforms, pluralexpression) VALUES (49, 'bho', 'Bhojpuri', NULL, NULL, NULL);
INSERT INTO "language" (id, code, englishname, nativename, pluralforms, pluralexpression) VALUES (50, 'bh', 'Bihari', NULL, NULL, NULL);
INSERT INTO "language" (id, code, englishname, nativename, pluralforms, pluralexpression) VALUES (51, 'bik', 'Bikol', NULL, NULL, NULL);
INSERT INTO "language" (id, code, englishname, nativename, pluralforms, pluralexpression) VALUES (52, 'bin', 'Bini', NULL, NULL, NULL);
INSERT INTO "language" (id, code, englishname, nativename, pluralforms, pluralexpression) VALUES (53, 'bi', 'Bislama', NULL, NULL, NULL);
INSERT INTO "language" (id, code, englishname, nativename, pluralforms, pluralexpression) VALUES (54, 'bla', 'Siksika', NULL, NULL, NULL);
INSERT INTO "language" (id, code, englishname, nativename, pluralforms, pluralexpression) VALUES (55, 'bnt', 'Bantu (Other)', NULL, NULL, NULL);
INSERT INTO "language" (id, code, englishname, nativename, pluralforms, pluralexpression) VALUES (56, 'bs', 'Bosnian', NULL, 3, 'n%10==1 && n%100!=11 ? 0 : n%10>=2 && n%10<=4 && (n%100<10 || n%100>=20) ? 1 : 2');
INSERT INTO "language" (id, code, englishname, nativename, pluralforms, pluralexpression) VALUES (57, 'bra', 'Braj', NULL, NULL, NULL);
INSERT INTO "language" (id, code, englishname, nativename, pluralforms, pluralexpression) VALUES (58, 'br', 'Breton', NULL, NULL, NULL);
INSERT INTO "language" (id, code, englishname, nativename, pluralforms, pluralexpression) VALUES (59, 'btk', 'Batak (Indonesia)', NULL, NULL, NULL);
INSERT INTO "language" (id, code, englishname, nativename, pluralforms, pluralexpression) VALUES (60, 'bua', 'Buriat', NULL, NULL, NULL);
INSERT INTO "language" (id, code, englishname, nativename, pluralforms, pluralexpression) VALUES (61, 'bug', 'Buginese', NULL, NULL, NULL);
INSERT INTO "language" (id, code, englishname, nativename, pluralforms, pluralexpression) VALUES (62, 'bg', 'Bulgarian', NULL, NULL, NULL);
INSERT INTO "language" (id, code, englishname, nativename, pluralforms, pluralexpression) VALUES (63, 'my', 'Burmese', NULL, NULL, NULL);
INSERT INTO "language" (id, code, englishname, nativename, pluralforms, pluralexpression) VALUES (64, 'byn', 'Blin; Bilin', NULL, NULL, NULL);
INSERT INTO "language" (id, code, englishname, nativename, pluralforms, pluralexpression) VALUES (65, 'cad', 'Caddo', NULL, NULL, NULL);
INSERT INTO "language" (id, code, englishname, nativename, pluralforms, pluralexpression) VALUES (66, 'cai', 'Central American Indian (Other)', NULL, NULL, NULL);
INSERT INTO "language" (id, code, englishname, nativename, pluralforms, pluralexpression) VALUES (67, 'car', 'Carib', NULL, NULL, NULL);
INSERT INTO "language" (id, code, englishname, nativename, pluralforms, pluralexpression) VALUES (68, 'ca', 'Catalan', NULL, 2, 'n != 1');
INSERT INTO "language" (id, code, englishname, nativename, pluralforms, pluralexpression) VALUES (69, 'cau', 'Caucasian (Other)', NULL, NULL, NULL);
INSERT INTO "language" (id, code, englishname, nativename, pluralforms, pluralexpression) VALUES (70, 'ceb', 'Cebuano', NULL, NULL, NULL);
INSERT INTO "language" (id, code, englishname, nativename, pluralforms, pluralexpression) VALUES (71, 'cel', 'Celtic (Other)', NULL, NULL, NULL);
INSERT INTO "language" (id, code, englishname, nativename, pluralforms, pluralexpression) VALUES (72, 'ch', 'Chamorro', NULL, NULL, NULL);
INSERT INTO "language" (id, code, englishname, nativename, pluralforms, pluralexpression) VALUES (73, 'chb', 'Chibcha', NULL, NULL, NULL);
INSERT INTO "language" (id, code, englishname, nativename, pluralforms, pluralexpression) VALUES (74, 'ce', 'Chechen', NULL, NULL, NULL);
INSERT INTO "language" (id, code, englishname, nativename, pluralforms, pluralexpression) VALUES (75, 'chg', 'Chagatai', NULL, NULL, NULL);
INSERT INTO "language" (id, code, englishname, nativename, pluralforms, pluralexpression) VALUES (76, 'zh', 'Chinese', NULL, 1, '0');
INSERT INTO "language" (id, code, englishname, nativename, pluralforms, pluralexpression) VALUES (77, 'chk', 'Chukese', NULL, NULL, NULL);
INSERT INTO "language" (id, code, englishname, nativename, pluralforms, pluralexpression) VALUES (78, 'chm', 'Mari', NULL, NULL, NULL);
INSERT INTO "language" (id, code, englishname, nativename, pluralforms, pluralexpression) VALUES (79, 'chn', 'Chinook jargon', NULL, NULL, NULL);
INSERT INTO "language" (id, code, englishname, nativename, pluralforms, pluralexpression) VALUES (80, 'cho', 'Choctaw', NULL, NULL, NULL);
INSERT INTO "language" (id, code, englishname, nativename, pluralforms, pluralexpression) VALUES (81, 'chp', 'Chipewyan', NULL, NULL, NULL);
INSERT INTO "language" (id, code, englishname, nativename, pluralforms, pluralexpression) VALUES (82, 'chr', 'Cherokee', NULL, NULL, NULL);
INSERT INTO "language" (id, code, englishname, nativename, pluralforms, pluralexpression) VALUES (83, 'chu', 'Church Slavic', NULL, NULL, NULL);
INSERT INTO "language" (id, code, englishname, nativename, pluralforms, pluralexpression) VALUES (84, 'cv', 'Chuvash', NULL, NULL, NULL);
INSERT INTO "language" (id, code, englishname, nativename, pluralforms, pluralexpression) VALUES (85, 'chy', 'Cheyenne', NULL, NULL, NULL);
INSERT INTO "language" (id, code, englishname, nativename, pluralforms, pluralexpression) VALUES (86, 'cmc', 'Chamic languages', NULL, NULL, NULL);
INSERT INTO "language" (id, code, englishname, nativename, pluralforms, pluralexpression) VALUES (87, 'cop', 'Coptic', NULL, NULL, NULL);
INSERT INTO "language" (id, code, englishname, nativename, pluralforms, pluralexpression) VALUES (88, 'kw', 'Cornish', NULL, NULL, NULL);
INSERT INTO "language" (id, code, englishname, nativename, pluralforms, pluralexpression) VALUES (89, 'co', 'Corsican', NULL, NULL, NULL);
INSERT INTO "language" (id, code, englishname, nativename, pluralforms, pluralexpression) VALUES (90, 'cpe', 'English-based (Other)', NULL, NULL, NULL);
INSERT INTO "language" (id, code, englishname, nativename, pluralforms, pluralexpression) VALUES (91, 'cpf', 'French-based (Other)', NULL, NULL, NULL);
INSERT INTO "language" (id, code, englishname, nativename, pluralforms, pluralexpression) VALUES (92, 'cpp', 'Portuguese-based (Other)', NULL, NULL, NULL);
INSERT INTO "language" (id, code, englishname, nativename, pluralforms, pluralexpression) VALUES (93, 'cr', 'Cree', NULL, NULL, NULL);
INSERT INTO "language" (id, code, englishname, nativename, pluralforms, pluralexpression) VALUES (94, 'crh', 'Crimean Turkish; Crimean Tatar', NULL, NULL, NULL);
INSERT INTO "language" (id, code, englishname, nativename, pluralforms, pluralexpression) VALUES (95, 'crp', 'Creoles and pidgins (Other)', NULL, NULL, NULL);
INSERT INTO "language" (id, code, englishname, nativename, pluralforms, pluralexpression) VALUES (96, 'csb', 'Kashubian', NULL, NULL, NULL);
INSERT INTO "language" (id, code, englishname, nativename, pluralforms, pluralexpression) VALUES (97, 'cus', 'Cushitic (Other)', NULL, NULL, NULL);
INSERT INTO "language" (id, code, englishname, nativename, pluralforms, pluralexpression) VALUES (98, 'cs', 'Czech', NULL, 3, 'n%10==1 && n%100!=11 ? 0 : n%10>=2 && n%10<=4 && (n%100<10 || n%100>=20) ? 1 : 2');
INSERT INTO "language" (id, code, englishname, nativename, pluralforms, pluralexpression) VALUES (99, 'dak', 'Dakota', NULL, NULL, NULL);
INSERT INTO "language" (id, code, englishname, nativename, pluralforms, pluralexpression) VALUES (100, 'da', 'Danish', NULL, 2, 'n != 1');
INSERT INTO "language" (id, code, englishname, nativename, pluralforms, pluralexpression) VALUES (101, 'dar', 'Dargwa', NULL, NULL, NULL);
INSERT INTO "language" (id, code, englishname, nativename, pluralforms, pluralexpression) VALUES (102, 'del', 'Delaware', NULL, NULL, NULL);
INSERT INTO "language" (id, code, englishname, nativename, pluralforms, pluralexpression) VALUES (103, 'den', 'Slave (Athapascan)', NULL, NULL, NULL);
INSERT INTO "language" (id, code, englishname, nativename, pluralforms, pluralexpression) VALUES (104, 'dgr', 'Dogrib', NULL, NULL, NULL);
INSERT INTO "language" (id, code, englishname, nativename, pluralforms, pluralexpression) VALUES (105, 'din', 'Dinka', NULL, NULL, NULL);
INSERT INTO "language" (id, code, englishname, nativename, pluralforms, pluralexpression) VALUES (106, 'dv', 'Divehi', NULL, NULL, NULL);
INSERT INTO "language" (id, code, englishname, nativename, pluralforms, pluralexpression) VALUES (107, 'doi', 'Dogri', NULL, NULL, NULL);
INSERT INTO "language" (id, code, englishname, nativename, pluralforms, pluralexpression) VALUES (108, 'dra', 'Dravidian (Other)', NULL, NULL, NULL);
INSERT INTO "language" (id, code, englishname, nativename, pluralforms, pluralexpression) VALUES (109, 'dsb', 'Lower Sorbian', NULL, NULL, NULL);
INSERT INTO "language" (id, code, englishname, nativename, pluralforms, pluralexpression) VALUES (110, 'dua', 'Duala', NULL, NULL, NULL);
INSERT INTO "language" (id, code, englishname, nativename, pluralforms, pluralexpression) VALUES (111, 'dum', 'Dutch, Middle (ca. 1050-1350)', NULL, NULL, NULL);
INSERT INTO "language" (id, code, englishname, nativename, pluralforms, pluralexpression) VALUES (112, 'nl', 'Dutch', NULL, 2, 'n != 1');
INSERT INTO "language" (id, code, englishname, nativename, pluralforms, pluralexpression) VALUES (113, 'dyu', 'Dyula', NULL, NULL, NULL);
INSERT INTO "language" (id, code, englishname, nativename, pluralforms, pluralexpression) VALUES (114, 'dz', 'Dzongkha', NULL, NULL, NULL);
INSERT INTO "language" (id, code, englishname, nativename, pluralforms, pluralexpression) VALUES (115, 'efi', 'Efik', NULL, NULL, NULL);
INSERT INTO "language" (id, code, englishname, nativename, pluralforms, pluralexpression) VALUES (116, 'egy', 'Egyptian (Ancient)', NULL, NULL, NULL);
INSERT INTO "language" (id, code, englishname, nativename, pluralforms, pluralexpression) VALUES (117, 'eka', 'Ekajuk', NULL, NULL, NULL);
INSERT INTO "language" (id, code, englishname, nativename, pluralforms, pluralexpression) VALUES (118, 'elx', 'Elamite', NULL, NULL, NULL);
INSERT INTO "language" (id, code, englishname, nativename, pluralforms, pluralexpression) VALUES (119, 'en', 'English', NULL, 2, 'n != 1');
INSERT INTO "language" (id, code, englishname, nativename, pluralforms, pluralexpression) VALUES (120, 'enm', 'English, Middle (1100-1500)', NULL, NULL, NULL);
INSERT INTO "language" (id, code, englishname, nativename, pluralforms, pluralexpression) VALUES (121, 'eo', 'Esperanto', NULL, 2, 'n != 1');
INSERT INTO "language" (id, code, englishname, nativename, pluralforms, pluralexpression) VALUES (122, 'et', 'Estonian', NULL, NULL, NULL);
INSERT INTO "language" (id, code, englishname, nativename, pluralforms, pluralexpression) VALUES (123, 'ee', 'Ewe', NULL, NULL, NULL);
INSERT INTO "language" (id, code, englishname, nativename, pluralforms, pluralexpression) VALUES (124, 'ewo', 'Ewondo', NULL, NULL, NULL);
INSERT INTO "language" (id, code, englishname, nativename, pluralforms, pluralexpression) VALUES (125, 'fan', 'Fang', NULL, NULL, NULL);
INSERT INTO "language" (id, code, englishname, nativename, pluralforms, pluralexpression) VALUES (126, 'fo', 'Faroese', NULL, 2, 'n != 1');
INSERT INTO "language" (id, code, englishname, nativename, pluralforms, pluralexpression) VALUES (127, 'fat', 'Fanti', NULL, NULL, NULL);
INSERT INTO "language" (id, code, englishname, nativename, pluralforms, pluralexpression) VALUES (128, 'fj', 'Fijian', NULL, NULL, NULL);
INSERT INTO "language" (id, code, englishname, nativename, pluralforms, pluralexpression) VALUES (129, 'fi', 'Finnish', NULL, 2, 'n != 1');
INSERT INTO "language" (id, code, englishname, nativename, pluralforms, pluralexpression) VALUES (130, 'fiu', 'Finno-Ugrian (Other)', NULL, NULL, NULL);
INSERT INTO "language" (id, code, englishname, nativename, pluralforms, pluralexpression) VALUES (131, 'fon', 'Fon', NULL, NULL, NULL);
INSERT INTO "language" (id, code, englishname, nativename, pluralforms, pluralexpression) VALUES (132, 'fr', 'French', NULL, 2, 'n > 1');
INSERT INTO "language" (id, code, englishname, nativename, pluralforms, pluralexpression) VALUES (133, 'frm', 'French, Middle (ca.1400-1600)', NULL, NULL, NULL);
INSERT INTO "language" (id, code, englishname, nativename, pluralforms, pluralexpression) VALUES (134, 'fro', 'French, Old (842-ca.1400)', NULL, NULL, NULL);
INSERT INTO "language" (id, code, englishname, nativename, pluralforms, pluralexpression) VALUES (135, 'fy', 'Frisian', NULL, NULL, NULL);
INSERT INTO "language" (id, code, englishname, nativename, pluralforms, pluralexpression) VALUES (136, 'ff', 'Fulah', NULL, NULL, NULL);
INSERT INTO "language" (id, code, englishname, nativename, pluralforms, pluralexpression) VALUES (137, 'fur', 'Friulian', NULL, NULL, NULL);
INSERT INTO "language" (id, code, englishname, nativename, pluralforms, pluralexpression) VALUES (138, 'gaa', 'Ga', NULL, NULL, NULL);
INSERT INTO "language" (id, code, englishname, nativename, pluralforms, pluralexpression) VALUES (139, 'gay', 'Gayo', NULL, NULL, NULL);
INSERT INTO "language" (id, code, englishname, nativename, pluralforms, pluralexpression) VALUES (140, 'gba', 'Gbaya', NULL, NULL, NULL);
INSERT INTO "language" (id, code, englishname, nativename, pluralforms, pluralexpression) VALUES (141, 'gem', 'Germanic (Other)', NULL, NULL, NULL);
INSERT INTO "language" (id, code, englishname, nativename, pluralforms, pluralexpression) VALUES (142, 'ka', 'Georgian', NULL, NULL, NULL);
INSERT INTO "language" (id, code, englishname, nativename, pluralforms, pluralexpression) VALUES (143, 'de', 'German', NULL, 2, 'n != 1');
INSERT INTO "language" (id, code, englishname, nativename, pluralforms, pluralexpression) VALUES (144, 'gez', 'Geez', NULL, NULL, NULL);
INSERT INTO "language" (id, code, englishname, nativename, pluralforms, pluralexpression) VALUES (145, 'gil', 'Gilbertese', NULL, NULL, NULL);
INSERT INTO "language" (id, code, englishname, nativename, pluralforms, pluralexpression) VALUES (146, 'gd', 'Gaelic; Scottish', NULL, NULL, NULL);
INSERT INTO "language" (id, code, englishname, nativename, pluralforms, pluralexpression) VALUES (147, 'ga', 'Irish', NULL, 3, 'n==1 ? 0 : n==2 ? 1 : 2');
INSERT INTO "language" (id, code, englishname, nativename, pluralforms, pluralexpression) VALUES (148, 'gl', 'Gallegan', NULL, NULL, NULL);
INSERT INTO "language" (id, code, englishname, nativename, pluralforms, pluralexpression) VALUES (149, 'gv', 'Manx', NULL, NULL, NULL);
INSERT INTO "language" (id, code, englishname, nativename, pluralforms, pluralexpression) VALUES (150, 'gmh', 'German, Middle High (ca.1050-1500)', NULL, NULL, NULL);
INSERT INTO "language" (id, code, englishname, nativename, pluralforms, pluralexpression) VALUES (151, 'goh', 'German, Old High (ca.750-1050)', NULL, NULL, NULL);
INSERT INTO "language" (id, code, englishname, nativename, pluralforms, pluralexpression) VALUES (152, 'gon', 'Gondi', NULL, NULL, NULL);
INSERT INTO "language" (id, code, englishname, nativename, pluralforms, pluralexpression) VALUES (153, 'gor', 'Gorontalo', NULL, NULL, NULL);
INSERT INTO "language" (id, code, englishname, nativename, pluralforms, pluralexpression) VALUES (154, 'got', 'Gothic', NULL, NULL, NULL);
INSERT INTO "language" (id, code, englishname, nativename, pluralforms, pluralexpression) VALUES (155, 'grb', 'Grebo', NULL, NULL, NULL);
INSERT INTO "language" (id, code, englishname, nativename, pluralforms, pluralexpression) VALUES (156, 'grc', 'Greek, Ancient (to 1453)', NULL, NULL, NULL);
INSERT INTO "language" (id, code, englishname, nativename, pluralforms, pluralexpression) VALUES (157, 'el', 'Greek, Modern (1453-)', NULL, 2, 'n != 1');
INSERT INTO "language" (id, code, englishname, nativename, pluralforms, pluralexpression) VALUES (158, 'gn', 'Guarani', NULL, NULL, NULL);
INSERT INTO "language" (id, code, englishname, nativename, pluralforms, pluralexpression) VALUES (159, 'gu', 'Gujarati', NULL, 2, 'n != 1');
INSERT INTO "language" (id, code, englishname, nativename, pluralforms, pluralexpression) VALUES (160, 'gwi', 'Gwichin', NULL, NULL, NULL);
INSERT INTO "language" (id, code, englishname, nativename, pluralforms, pluralexpression) VALUES (161, 'hai', 'Haida', NULL, NULL, NULL);
INSERT INTO "language" (id, code, englishname, nativename, pluralforms, pluralexpression) VALUES (162, 'ht', 'Haitian; Haitian Creole', NULL, NULL, NULL);
INSERT INTO "language" (id, code, englishname, nativename, pluralforms, pluralexpression) VALUES (163, 'ha', 'Hausa', NULL, NULL, NULL);
INSERT INTO "language" (id, code, englishname, nativename, pluralforms, pluralexpression) VALUES (164, 'haw', 'Hawaiian', NULL, NULL, NULL);
INSERT INTO "language" (id, code, englishname, nativename, pluralforms, pluralexpression) VALUES (165, 'he', 'Hebrew', NULL, 2, 'n != 1');
INSERT INTO "language" (id, code, englishname, nativename, pluralforms, pluralexpression) VALUES (166, 'hz', 'Herero', NULL, NULL, NULL);
INSERT INTO "language" (id, code, englishname, nativename, pluralforms, pluralexpression) VALUES (167, 'hil', 'Hiligaynon', NULL, NULL, NULL);
INSERT INTO "language" (id, code, englishname, nativename, pluralforms, pluralexpression) VALUES (168, 'him', 'Himachali', NULL, NULL, NULL);
INSERT INTO "language" (id, code, englishname, nativename, pluralforms, pluralexpression) VALUES (169, 'hi', 'Hindi', NULL, 2, 'n != 1');
INSERT INTO "language" (id, code, englishname, nativename, pluralforms, pluralexpression) VALUES (170, 'hit', 'Hittite', NULL, NULL, NULL);
INSERT INTO "language" (id, code, englishname, nativename, pluralforms, pluralexpression) VALUES (171, 'hmn', 'Hmong', NULL, NULL, NULL);
INSERT INTO "language" (id, code, englishname, nativename, pluralforms, pluralexpression) VALUES (172, 'ho', 'Hiri', NULL, NULL, NULL);
INSERT INTO "language" (id, code, englishname, nativename, pluralforms, pluralexpression) VALUES (173, 'hsb', 'Upper Sorbian', NULL, NULL, NULL);
INSERT INTO "language" (id, code, englishname, nativename, pluralforms, pluralexpression) VALUES (174, 'hu', 'Hungarian', NULL, 1, '0');
INSERT INTO "language" (id, code, englishname, nativename, pluralforms, pluralexpression) VALUES (175, 'hup', 'Hupa', NULL, NULL, NULL);
INSERT INTO "language" (id, code, englishname, nativename, pluralforms, pluralexpression) VALUES (176, 'iba', 'Iban', NULL, NULL, NULL);
INSERT INTO "language" (id, code, englishname, nativename, pluralforms, pluralexpression) VALUES (177, 'ig', 'Igbo', NULL, NULL, NULL);
INSERT INTO "language" (id, code, englishname, nativename, pluralforms, pluralexpression) VALUES (178, 'is', 'Icelandic', NULL, NULL, NULL);
INSERT INTO "language" (id, code, englishname, nativename, pluralforms, pluralexpression) VALUES (179, 'io', 'Ido', NULL, NULL, NULL);
INSERT INTO "language" (id, code, englishname, nativename, pluralforms, pluralexpression) VALUES (180, 'ii', 'Sichuan Yi', NULL, NULL, NULL);
INSERT INTO "language" (id, code, englishname, nativename, pluralforms, pluralexpression) VALUES (181, 'ijo', 'Ijo', NULL, NULL, NULL);
INSERT INTO "language" (id, code, englishname, nativename, pluralforms, pluralexpression) VALUES (182, 'iu', 'Inuktitut', NULL, NULL, NULL);
INSERT INTO "language" (id, code, englishname, nativename, pluralforms, pluralexpression) VALUES (183, 'ie', 'Interlingue', NULL, NULL, NULL);
INSERT INTO "language" (id, code, englishname, nativename, pluralforms, pluralexpression) VALUES (184, 'ilo', 'Iloko', NULL, NULL, NULL);
INSERT INTO "language" (id, code, englishname, nativename, pluralforms, pluralexpression) VALUES (185, 'ia', 'Interlingua', NULL, NULL, NULL);
INSERT INTO "language" (id, code, englishname, nativename, pluralforms, pluralexpression) VALUES (186, 'inc', 'Indic (Other)', NULL, NULL, NULL);
INSERT INTO "language" (id, code, englishname, nativename, pluralforms, pluralexpression) VALUES (187, 'id', 'Indonesian', NULL, NULL, NULL);
INSERT INTO "language" (id, code, englishname, nativename, pluralforms, pluralexpression) VALUES (188, 'ine', 'Indo-European (Other)', NULL, NULL, NULL);
INSERT INTO "language" (id, code, englishname, nativename, pluralforms, pluralexpression) VALUES (189, 'inh', 'Ingush', NULL, NULL, NULL);
INSERT INTO "language" (id, code, englishname, nativename, pluralforms, pluralexpression) VALUES (190, 'ik', 'Inupiaq', NULL, NULL, NULL);
INSERT INTO "language" (id, code, englishname, nativename, pluralforms, pluralexpression) VALUES (191, 'ira', 'Iranian (Other)', NULL, NULL, NULL);
INSERT INTO "language" (id, code, englishname, nativename, pluralforms, pluralexpression) VALUES (192, 'iro', 'Iroquoian languages', NULL, NULL, NULL);
INSERT INTO "language" (id, code, englishname, nativename, pluralforms, pluralexpression) VALUES (193, 'it', 'Italian', NULL, 2, 'n != 1');
INSERT INTO "language" (id, code, englishname, nativename, pluralforms, pluralexpression) VALUES (194, 'jv', 'Javanese', NULL, NULL, NULL);
INSERT INTO "language" (id, code, englishname, nativename, pluralforms, pluralexpression) VALUES (195, 'jbo', 'Lojban', NULL, 1, '0');
INSERT INTO "language" (id, code, englishname, nativename, pluralforms, pluralexpression) VALUES (196, 'ja', 'Japanese', NULL, 1, '0');
INSERT INTO "language" (id, code, englishname, nativename, pluralforms, pluralexpression) VALUES (197, 'jpr', 'Judeo-Persian', NULL, NULL, NULL);
INSERT INTO "language" (id, code, englishname, nativename, pluralforms, pluralexpression) VALUES (198, 'jrb', 'Judeo-Arabic', NULL, NULL, NULL);
INSERT INTO "language" (id, code, englishname, nativename, pluralforms, pluralexpression) VALUES (199, 'kaa', 'Kara-Kalpak', NULL, NULL, NULL);
INSERT INTO "language" (id, code, englishname, nativename, pluralforms, pluralexpression) VALUES (200, 'kab', 'Kabyle', NULL, NULL, NULL);
INSERT INTO "language" (id, code, englishname, nativename, pluralforms, pluralexpression) VALUES (201, 'kac', 'Kachin', NULL, NULL, NULL);
INSERT INTO "language" (id, code, englishname, nativename, pluralforms, pluralexpression) VALUES (202, 'kl', 'Greenlandic (Kalaallisut)', NULL, NULL, NULL);
INSERT INTO "language" (id, code, englishname, nativename, pluralforms, pluralexpression) VALUES (203, 'kam', 'Kamba', NULL, NULL, NULL);
INSERT INTO "language" (id, code, englishname, nativename, pluralforms, pluralexpression) VALUES (204, 'kn', 'Kannada', NULL, NULL, NULL);
INSERT INTO "language" (id, code, englishname, nativename, pluralforms, pluralexpression) VALUES (205, 'kar', 'Karen', NULL, NULL, NULL);
INSERT INTO "language" (id, code, englishname, nativename, pluralforms, pluralexpression) VALUES (206, 'ks', 'Kashmiri', NULL, NULL, NULL);
INSERT INTO "language" (id, code, englishname, nativename, pluralforms, pluralexpression) VALUES (207, 'kr', 'Kanuri', NULL, 1, '0');
INSERT INTO "language" (id, code, englishname, nativename, pluralforms, pluralexpression) VALUES (208, 'kaw', 'Kawi', NULL, NULL, NULL);
INSERT INTO "language" (id, code, englishname, nativename, pluralforms, pluralexpression) VALUES (209, 'kk', 'Kazakh', NULL, NULL, NULL);
INSERT INTO "language" (id, code, englishname, nativename, pluralforms, pluralexpression) VALUES (210, 'kbd', 'Kabardian', NULL, NULL, NULL);
INSERT INTO "language" (id, code, englishname, nativename, pluralforms, pluralexpression) VALUES (211, 'kha', 'Khazi', NULL, NULL, NULL);
INSERT INTO "language" (id, code, englishname, nativename, pluralforms, pluralexpression) VALUES (212, 'khi', 'Khoisan (Other)', NULL, NULL, NULL);
INSERT INTO "language" (id, code, englishname, nativename, pluralforms, pluralexpression) VALUES (213, 'km', 'Khmer', NULL, NULL, NULL);
INSERT INTO "language" (id, code, englishname, nativename, pluralforms, pluralexpression) VALUES (214, 'kho', 'Khotanese', NULL, NULL, NULL);
INSERT INTO "language" (id, code, englishname, nativename, pluralforms, pluralexpression) VALUES (215, 'ki', 'Kikuyu', NULL, NULL, NULL);
INSERT INTO "language" (id, code, englishname, nativename, pluralforms, pluralexpression) VALUES (216, 'rw', 'Kinyarwanda', NULL, NULL, NULL);
INSERT INTO "language" (id, code, englishname, nativename, pluralforms, pluralexpression) VALUES (217, 'ky', 'Kirghiz', NULL, NULL, NULL);
INSERT INTO "language" (id, code, englishname, nativename, pluralforms, pluralexpression) VALUES (218, 'kmb', 'Kimbundu', NULL, NULL, NULL);
INSERT INTO "language" (id, code, englishname, nativename, pluralforms, pluralexpression) VALUES (219, 'kok', 'Konkani', NULL, NULL, NULL);
INSERT INTO "language" (id, code, englishname, nativename, pluralforms, pluralexpression) VALUES (220, 'kv', 'Komi', NULL, NULL, NULL);
INSERT INTO "language" (id, code, englishname, nativename, pluralforms, pluralexpression) VALUES (221, 'kg', 'Kongo', NULL, NULL, NULL);
INSERT INTO "language" (id, code, englishname, nativename, pluralforms, pluralexpression) VALUES (222, 'ko', 'Korean', NULL, 1, '0');
INSERT INTO "language" (id, code, englishname, nativename, pluralforms, pluralexpression) VALUES (223, 'kos', 'Kosraean', NULL, NULL, NULL);
INSERT INTO "language" (id, code, englishname, nativename, pluralforms, pluralexpression) VALUES (224, 'kpe', 'Kpelle', NULL, NULL, NULL);
INSERT INTO "language" (id, code, englishname, nativename, pluralforms, pluralexpression) VALUES (225, 'krc', 'Karachay-Balkar', NULL, NULL, NULL);
INSERT INTO "language" (id, code, englishname, nativename, pluralforms, pluralexpression) VALUES (226, 'kro', 'Kru', NULL, NULL, NULL);
INSERT INTO "language" (id, code, englishname, nativename, pluralforms, pluralexpression) VALUES (227, 'kru', 'Kurukh', NULL, NULL, NULL);
INSERT INTO "language" (id, code, englishname, nativename, pluralforms, pluralexpression) VALUES (228, 'kj', 'Kuanyama', NULL, NULL, NULL);
INSERT INTO "language" (id, code, englishname, nativename, pluralforms, pluralexpression) VALUES (229, 'kum', 'Kumyk', NULL, NULL, NULL);
INSERT INTO "language" (id, code, englishname, nativename, pluralforms, pluralexpression) VALUES (230, 'ku', 'Kurdish', NULL, NULL, NULL);
INSERT INTO "language" (id, code, englishname, nativename, pluralforms, pluralexpression) VALUES (231, 'kut', 'Kutenai', NULL, NULL, NULL);
INSERT INTO "language" (id, code, englishname, nativename, pluralforms, pluralexpression) VALUES (232, 'lad', 'Ladino', NULL, NULL, NULL);
INSERT INTO "language" (id, code, englishname, nativename, pluralforms, pluralexpression) VALUES (233, 'lah', 'Lahnda', NULL, NULL, NULL);
INSERT INTO "language" (id, code, englishname, nativename, pluralforms, pluralexpression) VALUES (234, 'lam', 'Lamba', NULL, NULL, NULL);
INSERT INTO "language" (id, code, englishname, nativename, pluralforms, pluralexpression) VALUES (235, 'lo', 'Lao', NULL, NULL, NULL);
INSERT INTO "language" (id, code, englishname, nativename, pluralforms, pluralexpression) VALUES (236, 'la', 'Latin', NULL, NULL, NULL);
INSERT INTO "language" (id, code, englishname, nativename, pluralforms, pluralexpression) VALUES (237, 'lv', 'Latvian', NULL, 3, 'n%10==1 && n%100!=11 ? 0 : n != 0 ? 1 : 2');
INSERT INTO "language" (id, code, englishname, nativename, pluralforms, pluralexpression) VALUES (238, 'lez', 'Lezghian', NULL, NULL, NULL);
INSERT INTO "language" (id, code, englishname, nativename, pluralforms, pluralexpression) VALUES (239, 'li', 'Limburgian', NULL, NULL, NULL);
INSERT INTO "language" (id, code, englishname, nativename, pluralforms, pluralexpression) VALUES (240, 'ln', 'Lingala', NULL, NULL, NULL);
INSERT INTO "language" (id, code, englishname, nativename, pluralforms, pluralexpression) VALUES (241, 'lt', 'Lithuanian', NULL, 3, 'n%10==1 && n%100!=11 ? 0 : n%10>=2 && (n%100<10 || n%100>=20) ? 1 : 2');
INSERT INTO "language" (id, code, englishname, nativename, pluralforms, pluralexpression) VALUES (242, 'lol', 'Mongo', NULL, NULL, NULL);
INSERT INTO "language" (id, code, englishname, nativename, pluralforms, pluralexpression) VALUES (243, 'loz', 'Lozi', NULL, NULL, NULL);
INSERT INTO "language" (id, code, englishname, nativename, pluralforms, pluralexpression) VALUES (244, 'lb', 'Luxembourgish', NULL, NULL, NULL);
INSERT INTO "language" (id, code, englishname, nativename, pluralforms, pluralexpression) VALUES (245, 'lua', 'Luba-Lulua', NULL, NULL, NULL);
INSERT INTO "language" (id, code, englishname, nativename, pluralforms, pluralexpression) VALUES (246, 'lu', 'Luba-Katanga', NULL, NULL, NULL);
INSERT INTO "language" (id, code, englishname, nativename, pluralforms, pluralexpression) VALUES (247, 'lg', 'Ganda', NULL, NULL, NULL);
INSERT INTO "language" (id, code, englishname, nativename, pluralforms, pluralexpression) VALUES (248, 'lui', 'Luiseno', NULL, NULL, NULL);
INSERT INTO "language" (id, code, englishname, nativename, pluralforms, pluralexpression) VALUES (249, 'lun', 'Lunda', NULL, NULL, NULL);
INSERT INTO "language" (id, code, englishname, nativename, pluralforms, pluralexpression) VALUES (250, 'luo', 'Luo (Kenya and Tanzania)', NULL, NULL, NULL);
INSERT INTO "language" (id, code, englishname, nativename, pluralforms, pluralexpression) VALUES (251, 'lus', 'Lushai', NULL, NULL, NULL);
INSERT INTO "language" (id, code, englishname, nativename, pluralforms, pluralexpression) VALUES (252, 'mk', 'Macedonian', NULL, NULL, NULL);
INSERT INTO "language" (id, code, englishname, nativename, pluralforms, pluralexpression) VALUES (253, 'mad', 'Madurese', NULL, NULL, NULL);
INSERT INTO "language" (id, code, englishname, nativename, pluralforms, pluralexpression) VALUES (254, 'mag', 'Magahi', NULL, NULL, NULL);
INSERT INTO "language" (id, code, englishname, nativename, pluralforms, pluralexpression) VALUES (255, 'mh', 'Marshallese', NULL, NULL, NULL);
INSERT INTO "language" (id, code, englishname, nativename, pluralforms, pluralexpression) VALUES (256, 'mai', 'Maithili', NULL, NULL, NULL);
INSERT INTO "language" (id, code, englishname, nativename, pluralforms, pluralexpression) VALUES (257, 'mak', 'Makasar', NULL, NULL, NULL);
INSERT INTO "language" (id, code, englishname, nativename, pluralforms, pluralexpression) VALUES (258, 'ml', 'Malayalam', NULL, NULL, NULL);
INSERT INTO "language" (id, code, englishname, nativename, pluralforms, pluralexpression) VALUES (259, 'man', 'Mandingo', NULL, NULL, NULL);
INSERT INTO "language" (id, code, englishname, nativename, pluralforms, pluralexpression) VALUES (260, 'mi', 'Maori', NULL, NULL, NULL);
INSERT INTO "language" (id, code, englishname, nativename, pluralforms, pluralexpression) VALUES (261, 'map', 'Austronesian (Other)', NULL, NULL, NULL);
INSERT INTO "language" (id, code, englishname, nativename, pluralforms, pluralexpression) VALUES (262, 'mr', 'Marathi', NULL, NULL, NULL);
INSERT INTO "language" (id, code, englishname, nativename, pluralforms, pluralexpression) VALUES (263, 'mas', 'Masai', NULL, NULL, NULL);
INSERT INTO "language" (id, code, englishname, nativename, pluralforms, pluralexpression) VALUES (264, 'ms', 'Malay', NULL, 2, 'n != 1');
INSERT INTO "language" (id, code, englishname, nativename, pluralforms, pluralexpression) VALUES (265, 'mdf', 'Moksha', NULL, NULL, NULL);
INSERT INTO "language" (id, code, englishname, nativename, pluralforms, pluralexpression) VALUES (266, 'mdr', 'Mandar', NULL, NULL, NULL);
INSERT INTO "language" (id, code, englishname, nativename, pluralforms, pluralexpression) VALUES (267, 'men', 'Mende', NULL, NULL, NULL);
INSERT INTO "language" (id, code, englishname, nativename, pluralforms, pluralexpression) VALUES (268, 'mga', 'Irish, Middle (900-1200)', NULL, NULL, NULL);
INSERT INTO "language" (id, code, englishname, nativename, pluralforms, pluralexpression) VALUES (269, 'mic', 'Micmac', NULL, NULL, NULL);
INSERT INTO "language" (id, code, englishname, nativename, pluralforms, pluralexpression) VALUES (270, 'min', 'Minangkabau', NULL, NULL, NULL);
INSERT INTO "language" (id, code, englishname, nativename, pluralforms, pluralexpression) VALUES (271, 'mis', 'Miscellaneous languages', NULL, NULL, NULL);
INSERT INTO "language" (id, code, englishname, nativename, pluralforms, pluralexpression) VALUES (272, 'mkh', 'Mon-Khmer (Other)', NULL, NULL, NULL);
INSERT INTO "language" (id, code, englishname, nativename, pluralforms, pluralexpression) VALUES (273, 'mg', 'Malagasy', NULL, NULL, NULL);
INSERT INTO "language" (id, code, englishname, nativename, pluralforms, pluralexpression) VALUES (274, 'mt', 'Maltese', NULL, NULL, NULL);
INSERT INTO "language" (id, code, englishname, nativename, pluralforms, pluralexpression) VALUES (275, 'mnc', 'Manchu', NULL, NULL, NULL);
INSERT INTO "language" (id, code, englishname, nativename, pluralforms, pluralexpression) VALUES (276, 'mno', 'Manobo languages', NULL, NULL, NULL);
INSERT INTO "language" (id, code, englishname, nativename, pluralforms, pluralexpression) VALUES (277, 'moh', 'Mohawk', NULL, NULL, NULL);
INSERT INTO "language" (id, code, englishname, nativename, pluralforms, pluralexpression) VALUES (278, 'mo', 'Moldavian', NULL, NULL, NULL);
INSERT INTO "language" (id, code, englishname, nativename, pluralforms, pluralexpression) VALUES (279, 'mn', 'Mongolian', NULL, NULL, NULL);
INSERT INTO "language" (id, code, englishname, nativename, pluralforms, pluralexpression) VALUES (280, 'mos', 'Mossi', NULL, NULL, NULL);
INSERT INTO "language" (id, code, englishname, nativename, pluralforms, pluralexpression) VALUES (281, 'mul', 'Multiple languages', NULL, NULL, NULL);
INSERT INTO "language" (id, code, englishname, nativename, pluralforms, pluralexpression) VALUES (282, 'mun', 'Munda languages', NULL, NULL, NULL);
INSERT INTO "language" (id, code, englishname, nativename, pluralforms, pluralexpression) VALUES (283, 'mus', 'Creek', NULL, NULL, NULL);
INSERT INTO "language" (id, code, englishname, nativename, pluralforms, pluralexpression) VALUES (284, 'mwr', 'Marwari', NULL, NULL, NULL);
INSERT INTO "language" (id, code, englishname, nativename, pluralforms, pluralexpression) VALUES (285, 'myn', 'Mayan languages', NULL, NULL, NULL);
INSERT INTO "language" (id, code, englishname, nativename, pluralforms, pluralexpression) VALUES (286, 'myv', 'Erzya', NULL, NULL, NULL);
INSERT INTO "language" (id, code, englishname, nativename, pluralforms, pluralexpression) VALUES (287, 'nah', 'Nahuatl', NULL, NULL, NULL);
INSERT INTO "language" (id, code, englishname, nativename, pluralforms, pluralexpression) VALUES (288, 'nai', 'North American Indian (Other)', NULL, NULL, NULL);
INSERT INTO "language" (id, code, englishname, nativename, pluralforms, pluralexpression) VALUES (289, 'nap', 'Neapolitan', NULL, NULL, NULL);
INSERT INTO "language" (id, code, englishname, nativename, pluralforms, pluralexpression) VALUES (290, 'na', 'Nauru', NULL, NULL, NULL);
INSERT INTO "language" (id, code, englishname, nativename, pluralforms, pluralexpression) VALUES (291, 'nv', 'Navaho', NULL, NULL, NULL);
INSERT INTO "language" (id, code, englishname, nativename, pluralforms, pluralexpression) VALUES (292, 'nr', 'Ndebele, South', NULL, NULL, NULL);
INSERT INTO "language" (id, code, englishname, nativename, pluralforms, pluralexpression) VALUES (293, 'nd', 'Ndebele, North', NULL, NULL, NULL);
INSERT INTO "language" (id, code, englishname, nativename, pluralforms, pluralexpression) VALUES (294, 'ng', 'Ndonga', NULL, NULL, NULL);
INSERT INTO "language" (id, code, englishname, nativename, pluralforms, pluralexpression) VALUES (295, 'nds', 'German, Low', NULL, NULL, NULL);
INSERT INTO "language" (id, code, englishname, nativename, pluralforms, pluralexpression) VALUES (296, 'ne', 'Nepali', NULL, NULL, NULL);
INSERT INTO "language" (id, code, englishname, nativename, pluralforms, pluralexpression) VALUES (297, 'new', 'Newari', NULL, NULL, NULL);
INSERT INTO "language" (id, code, englishname, nativename, pluralforms, pluralexpression) VALUES (298, 'nia', 'Nias', NULL, NULL, NULL);
INSERT INTO "language" (id, code, englishname, nativename, pluralforms, pluralexpression) VALUES (299, 'nic', 'Niger-Kordofanian (Other)', NULL, NULL, NULL);
INSERT INTO "language" (id, code, englishname, nativename, pluralforms, pluralexpression) VALUES (300, 'niu', 'Niuean', NULL, NULL, NULL);
INSERT INTO "language" (id, code, englishname, nativename, pluralforms, pluralexpression) VALUES (301, 'nn', 'Norwegian Nynorsk', NULL, 2, 'n != 1');
INSERT INTO "language" (id, code, englishname, nativename, pluralforms, pluralexpression) VALUES (302, 'nb', 'Bokmål, Norwegian', NULL, 2, 'n != 1');
INSERT INTO "language" (id, code, englishname, nativename, pluralforms, pluralexpression) VALUES (303, 'nog', 'Nogai', NULL, NULL, NULL);
INSERT INTO "language" (id, code, englishname, nativename, pluralforms, pluralexpression) VALUES (304, 'non', 'Norse, Old', NULL, NULL, NULL);
INSERT INTO "language" (id, code, englishname, nativename, pluralforms, pluralexpression) VALUES (305, 'no', 'Norwegian', NULL, 2, 'n != 1');
INSERT INTO "language" (id, code, englishname, nativename, pluralforms, pluralexpression) VALUES (306, 'nso', 'Sotho, Northern', NULL, NULL, NULL);
INSERT INTO "language" (id, code, englishname, nativename, pluralforms, pluralexpression) VALUES (307, 'nub', 'Nubian languages', NULL, NULL, NULL);
INSERT INTO "language" (id, code, englishname, nativename, pluralforms, pluralexpression) VALUES (308, 'nwc', 'Classical Newari; Old Newari', NULL, NULL, NULL);
INSERT INTO "language" (id, code, englishname, nativename, pluralforms, pluralexpression) VALUES (309, 'ny', 'Chewa; Chichewa; Nyanja', NULL, NULL, NULL);
INSERT INTO "language" (id, code, englishname, nativename, pluralforms, pluralexpression) VALUES (310, 'nym', 'Nyankole', NULL, NULL, NULL);
INSERT INTO "language" (id, code, englishname, nativename, pluralforms, pluralexpression) VALUES (311, 'nyo', 'Nyoro', NULL, NULL, NULL);
INSERT INTO "language" (id, code, englishname, nativename, pluralforms, pluralexpression) VALUES (312, 'nzi', 'Nzima', NULL, NULL, NULL);
INSERT INTO "language" (id, code, englishname, nativename, pluralforms, pluralexpression) VALUES (313, 'oc', 'Occitan (post 1500)', NULL, NULL, NULL);
INSERT INTO "language" (id, code, englishname, nativename, pluralforms, pluralexpression) VALUES (314, 'oj', 'Ojibwa', NULL, NULL, NULL);
INSERT INTO "language" (id, code, englishname, nativename, pluralforms, pluralexpression) VALUES (315, 'or', 'Oriya', NULL, NULL, NULL);
INSERT INTO "language" (id, code, englishname, nativename, pluralforms, pluralexpression) VALUES (316, 'om', 'Oromo', NULL, NULL, NULL);
INSERT INTO "language" (id, code, englishname, nativename, pluralforms, pluralexpression) VALUES (317, 'osa', 'Osage', NULL, NULL, NULL);
INSERT INTO "language" (id, code, englishname, nativename, pluralforms, pluralexpression) VALUES (318, 'os', 'Ossetian', NULL, NULL, NULL);
INSERT INTO "language" (id, code, englishname, nativename, pluralforms, pluralexpression) VALUES (319, 'ota', 'Turkish, Ottoman (1500-1928)', NULL, NULL, NULL);
INSERT INTO "language" (id, code, englishname, nativename, pluralforms, pluralexpression) VALUES (320, 'oto', 'Otomian languages', NULL, NULL, NULL);
INSERT INTO "language" (id, code, englishname, nativename, pluralforms, pluralexpression) VALUES (321, 'paa', 'Papuan (Other)', NULL, NULL, NULL);
INSERT INTO "language" (id, code, englishname, nativename, pluralforms, pluralexpression) VALUES (322, 'pag', 'Pangasinan', NULL, NULL, NULL);
INSERT INTO "language" (id, code, englishname, nativename, pluralforms, pluralexpression) VALUES (323, 'pal', 'Pahlavi', NULL, NULL, NULL);
INSERT INTO "language" (id, code, englishname, nativename, pluralforms, pluralexpression) VALUES (324, 'pam', 'Pampanga', NULL, NULL, NULL);
INSERT INTO "language" (id, code, englishname, nativename, pluralforms, pluralexpression) VALUES (325, 'pa', 'Panjabi', NULL, 2, 'n != 1');
INSERT INTO "language" (id, code, englishname, nativename, pluralforms, pluralexpression) VALUES (326, 'pap', 'Papiamento', NULL, NULL, NULL);
INSERT INTO "language" (id, code, englishname, nativename, pluralforms, pluralexpression) VALUES (327, 'pau', 'Palauan', NULL, NULL, NULL);
INSERT INTO "language" (id, code, englishname, nativename, pluralforms, pluralexpression) VALUES (328, 'peo', 'Persian, Old (ca.600-400 B.C.)', NULL, NULL, NULL);
INSERT INTO "language" (id, code, englishname, nativename, pluralforms, pluralexpression) VALUES (329, 'fa', 'Persian', NULL, 1, '0');
INSERT INTO "language" (id, code, englishname, nativename, pluralforms, pluralexpression) VALUES (330, 'phi', 'Philippine (Other)', NULL, NULL, NULL);
INSERT INTO "language" (id, code, englishname, nativename, pluralforms, pluralexpression) VALUES (331, 'phn', 'Phoenician', NULL, NULL, NULL);
INSERT INTO "language" (id, code, englishname, nativename, pluralforms, pluralexpression) VALUES (332, 'pi', 'Pali', NULL, NULL, NULL);
INSERT INTO "language" (id, code, englishname, nativename, pluralforms, pluralexpression) VALUES (333, 'pl', 'Polish', NULL, 3, 'n==1 ? 0 : n%10>=2 && n%10<=4 && (n%100<10 || n%100>=20) ? 1 : 2');
INSERT INTO "language" (id, code, englishname, nativename, pluralforms, pluralexpression) VALUES (334, 'pt', 'Portuguese', NULL, 2, 'n != 1');
INSERT INTO "language" (id, code, englishname, nativename, pluralforms, pluralexpression) VALUES (335, 'pon', 'Pohnpeian', NULL, NULL, NULL);
INSERT INTO "language" (id, code, englishname, nativename, pluralforms, pluralexpression) VALUES (336, 'pra', 'Prakrit languages', NULL, NULL, NULL);
INSERT INTO "language" (id, code, englishname, nativename, pluralforms, pluralexpression) VALUES (337, 'pro', 'Provençal, Old (to 1500)', NULL, NULL, NULL);
INSERT INTO "language" (id, code, englishname, nativename, pluralforms, pluralexpression) VALUES (338, 'ps', 'Pushto', NULL, NULL, NULL);
INSERT INTO "language" (id, code, englishname, nativename, pluralforms, pluralexpression) VALUES (339, 'qu', 'Quechua', NULL, NULL, NULL);
INSERT INTO "language" (id, code, englishname, nativename, pluralforms, pluralexpression) VALUES (340, 'raj', 'Rajasthani', NULL, NULL, NULL);
INSERT INTO "language" (id, code, englishname, nativename, pluralforms, pluralexpression) VALUES (341, 'rap', 'Rapanui', NULL, NULL, NULL);
INSERT INTO "language" (id, code, englishname, nativename, pluralforms, pluralexpression) VALUES (342, 'rar', 'Rarotongan', NULL, NULL, NULL);
INSERT INTO "language" (id, code, englishname, nativename, pluralforms, pluralexpression) VALUES (343, 'roa', 'Romance (Other)', NULL, NULL, NULL);
INSERT INTO "language" (id, code, englishname, nativename, pluralforms, pluralexpression) VALUES (344, 'rm', 'Raeto-Romance', NULL, NULL, NULL);
INSERT INTO "language" (id, code, englishname, nativename, pluralforms, pluralexpression) VALUES (345, 'rom', 'Romany', NULL, NULL, NULL);
INSERT INTO "language" (id, code, englishname, nativename, pluralforms, pluralexpression) VALUES (346, 'ro', 'Romanian', NULL, 2, 'n != 1');
INSERT INTO "language" (id, code, englishname, nativename, pluralforms, pluralexpression) VALUES (347, 'rn', 'Rundi', NULL, NULL, NULL);
INSERT INTO "language" (id, code, englishname, nativename, pluralforms, pluralexpression) VALUES (348, 'ru', 'Russian', NULL, 3, 'n%10==1 && n%100!=11 ? 0 : n%10>=2 && n%10<=4 && (n%100<10 || n%100>=20) ? 1 : 2');
INSERT INTO "language" (id, code, englishname, nativename, pluralforms, pluralexpression) VALUES (349, 'sad', 'Sandawe', NULL, NULL, NULL);
INSERT INTO "language" (id, code, englishname, nativename, pluralforms, pluralexpression) VALUES (350, 'sg', 'Sango', NULL, NULL, NULL);
INSERT INTO "language" (id, code, englishname, nativename, pluralforms, pluralexpression) VALUES (351, 'sah', 'Yakut', NULL, NULL, NULL);
INSERT INTO "language" (id, code, englishname, nativename, pluralforms, pluralexpression) VALUES (352, 'sai', 'South American Indian (Other)', NULL, NULL, NULL);
INSERT INTO "language" (id, code, englishname, nativename, pluralforms, pluralexpression) VALUES (353, 'sal', 'Salishan languages', NULL, NULL, NULL);
INSERT INTO "language" (id, code, englishname, nativename, pluralforms, pluralexpression) VALUES (354, 'sam', 'Samaritan Aramaic', NULL, NULL, NULL);
INSERT INTO "language" (id, code, englishname, nativename, pluralforms, pluralexpression) VALUES (355, 'sa', 'Sanskrit', NULL, NULL, NULL);
INSERT INTO "language" (id, code, englishname, nativename, pluralforms, pluralexpression) VALUES (356, 'sas', 'Sasak', NULL, NULL, NULL);
INSERT INTO "language" (id, code, englishname, nativename, pluralforms, pluralexpression) VALUES (357, 'sat', 'Santali', NULL, NULL, NULL);
INSERT INTO "language" (id, code, englishname, nativename, pluralforms, pluralexpression) VALUES (358, 'sr', 'Serbian', NULL, 3, 'n%10==1 && n%100!=11 ? 0 : n%10>=2 && n%10<=4 && (n%100<10 || n%100>=20) ? 1 : 2');
INSERT INTO "language" (id, code, englishname, nativename, pluralforms, pluralexpression) VALUES (359, 'sco', 'Scots', NULL, NULL, NULL);
INSERT INTO "language" (id, code, englishname, nativename, pluralforms, pluralexpression) VALUES (360, 'hr', 'Croatian', NULL, 3, 'n%10==1 && n%100!=11 ? 0 : n%10>=2 && n%10<=4 && (n%100<10 || n%100>=20) ? 1 : 2');
INSERT INTO "language" (id, code, englishname, nativename, pluralforms, pluralexpression) VALUES (361, 'sel', 'Selkup', NULL, NULL, NULL);
INSERT INTO "language" (id, code, englishname, nativename, pluralforms, pluralexpression) VALUES (362, 'sem', 'Semitic (Other)', NULL, NULL, NULL);
INSERT INTO "language" (id, code, englishname, nativename, pluralforms, pluralexpression) VALUES (363, 'sga', 'Irish, Old (to 900)', NULL, NULL, NULL);
INSERT INTO "language" (id, code, englishname, nativename, pluralforms, pluralexpression) VALUES (364, 'sgn', 'Sign languages', NULL, NULL, NULL);
INSERT INTO "language" (id, code, englishname, nativename, pluralforms, pluralexpression) VALUES (365, 'shn', 'Shan', NULL, NULL, NULL);
INSERT INTO "language" (id, code, englishname, nativename, pluralforms, pluralexpression) VALUES (366, 'sid', 'Sidamo', NULL, NULL, NULL);
INSERT INTO "language" (id, code, englishname, nativename, pluralforms, pluralexpression) VALUES (367, 'si', 'Sinhalese', NULL, NULL, NULL);
INSERT INTO "language" (id, code, englishname, nativename, pluralforms, pluralexpression) VALUES (368, 'sio', 'Siouan languages', NULL, NULL, NULL);
INSERT INTO "language" (id, code, englishname, nativename, pluralforms, pluralexpression) VALUES (369, 'sit', 'Sino-Tibetan (Other)', NULL, NULL, NULL);
INSERT INTO "language" (id, code, englishname, nativename, pluralforms, pluralexpression) VALUES (370, 'sla', 'Slavic (Other)', NULL, NULL, NULL);
INSERT INTO "language" (id, code, englishname, nativename, pluralforms, pluralexpression) VALUES (371, 'sk', 'Slovak', NULL, 3, 'n%10==1 && n%100!=11 ? 0 : n%10>=2 && n%10<=4 && (n%100<10 || n%100>=20) ? 1 : 2');
INSERT INTO "language" (id, code, englishname, nativename, pluralforms, pluralexpression) VALUES (372, 'sl', 'Slovenian', NULL, NULL, NULL);
INSERT INTO "language" (id, code, englishname, nativename, pluralforms, pluralexpression) VALUES (373, 'sma', 'Southern Sami', NULL, NULL, NULL);
INSERT INTO "language" (id, code, englishname, nativename, pluralforms, pluralexpression) VALUES (374, 'se', 'Northern Sami', NULL, NULL, NULL);
INSERT INTO "language" (id, code, englishname, nativename, pluralforms, pluralexpression) VALUES (375, 'smi', 'Sami languages (Other)', NULL, NULL, NULL);
INSERT INTO "language" (id, code, englishname, nativename, pluralforms, pluralexpression) VALUES (376, 'smj', 'Lule Sami', NULL, NULL, NULL);
INSERT INTO "language" (id, code, englishname, nativename, pluralforms, pluralexpression) VALUES (377, 'smn', 'Inari Sami', NULL, NULL, NULL);
INSERT INTO "language" (id, code, englishname, nativename, pluralforms, pluralexpression) VALUES (378, 'sm', 'Samoan', NULL, NULL, NULL);
INSERT INTO "language" (id, code, englishname, nativename, pluralforms, pluralexpression) VALUES (379, 'sms', 'Skolt Sami', NULL, NULL, NULL);
INSERT INTO "language" (id, code, englishname, nativename, pluralforms, pluralexpression) VALUES (380, 'sn', 'Shona', NULL, NULL, NULL);
INSERT INTO "language" (id, code, englishname, nativename, pluralforms, pluralexpression) VALUES (381, 'sd', 'Sindhi', NULL, NULL, NULL);
INSERT INTO "language" (id, code, englishname, nativename, pluralforms, pluralexpression) VALUES (382, 'snk', 'Soninke', NULL, NULL, NULL);
INSERT INTO "language" (id, code, englishname, nativename, pluralforms, pluralexpression) VALUES (383, 'sog', 'Sogdian', NULL, NULL, NULL);
INSERT INTO "language" (id, code, englishname, nativename, pluralforms, pluralexpression) VALUES (384, 'so', 'Somali', NULL, NULL, NULL);
INSERT INTO "language" (id, code, englishname, nativename, pluralforms, pluralexpression) VALUES (385, 'son', 'Songhai', NULL, NULL, NULL);
INSERT INTO "language" (id, code, englishname, nativename, pluralforms, pluralexpression) VALUES (386, 'st', 'Sotho, Southern', NULL, NULL, NULL);
INSERT INTO "language" (id, code, englishname, nativename, pluralforms, pluralexpression) VALUES (387, 'es', 'Spanish', NULL, 2, 'n != 1');
INSERT INTO "language" (id, code, englishname, nativename, pluralforms, pluralexpression) VALUES (388, 'sc', 'Sardinian', NULL, NULL, NULL);
INSERT INTO "language" (id, code, englishname, nativename, pluralforms, pluralexpression) VALUES (389, 'srr', 'Serer', NULL, NULL, NULL);
INSERT INTO "language" (id, code, englishname, nativename, pluralforms, pluralexpression) VALUES (390, 'ssa', 'Nilo-Saharan (Other)', NULL, NULL, NULL);
INSERT INTO "language" (id, code, englishname, nativename, pluralforms, pluralexpression) VALUES (391, 'ss', 'Swati', NULL, NULL, NULL);
INSERT INTO "language" (id, code, englishname, nativename, pluralforms, pluralexpression) VALUES (392, 'suk', 'Sukuma', NULL, NULL, NULL);
INSERT INTO "language" (id, code, englishname, nativename, pluralforms, pluralexpression) VALUES (393, 'su', 'Sundanese', NULL, NULL, NULL);
INSERT INTO "language" (id, code, englishname, nativename, pluralforms, pluralexpression) VALUES (394, 'sus', 'Susu', NULL, NULL, NULL);
INSERT INTO "language" (id, code, englishname, nativename, pluralforms, pluralexpression) VALUES (395, 'sux', 'Sumerian', NULL, NULL, NULL);
INSERT INTO "language" (id, code, englishname, nativename, pluralforms, pluralexpression) VALUES (396, 'sw', 'Swahili', NULL, NULL, NULL);
INSERT INTO "language" (id, code, englishname, nativename, pluralforms, pluralexpression) VALUES (397, 'sv', 'Swedish', NULL, 2, 'n != 1');
INSERT INTO "language" (id, code, englishname, nativename, pluralforms, pluralexpression) VALUES (398, 'syr', 'Syriac', NULL, NULL, NULL);
INSERT INTO "language" (id, code, englishname, nativename, pluralforms, pluralexpression) VALUES (399, 'ty', 'Tahitian', NULL, NULL, NULL);
INSERT INTO "language" (id, code, englishname, nativename, pluralforms, pluralexpression) VALUES (400, 'tai', 'Tai (Other)', NULL, NULL, NULL);
INSERT INTO "language" (id, code, englishname, nativename, pluralforms, pluralexpression) VALUES (401, 'ta', 'Tamil', NULL, 2, 'n != 1');
INSERT INTO "language" (id, code, englishname, nativename, pluralforms, pluralexpression) VALUES (402, 'ts', 'Tsonga', NULL, NULL, NULL);
INSERT INTO "language" (id, code, englishname, nativename, pluralforms, pluralexpression) VALUES (403, 'tt', 'Tatar', NULL, NULL, NULL);
INSERT INTO "language" (id, code, englishname, nativename, pluralforms, pluralexpression) VALUES (404, 'te', 'Telugu', NULL, NULL, NULL);
INSERT INTO "language" (id, code, englishname, nativename, pluralforms, pluralexpression) VALUES (405, 'tem', 'Timne', NULL, NULL, NULL);
INSERT INTO "language" (id, code, englishname, nativename, pluralforms, pluralexpression) VALUES (406, 'ter', 'Tereno', NULL, NULL, NULL);
INSERT INTO "language" (id, code, englishname, nativename, pluralforms, pluralexpression) VALUES (407, 'tet', 'Tetum', NULL, NULL, NULL);
INSERT INTO "language" (id, code, englishname, nativename, pluralforms, pluralexpression) VALUES (408, 'tg', 'Tajik', NULL, NULL, NULL);
INSERT INTO "language" (id, code, englishname, nativename, pluralforms, pluralexpression) VALUES (409, 'tl', 'Tagalog', NULL, NULL, NULL);
INSERT INTO "language" (id, code, englishname, nativename, pluralforms, pluralexpression) VALUES (410, 'th', 'Thai', NULL, NULL, NULL);
INSERT INTO "language" (id, code, englishname, nativename, pluralforms, pluralexpression) VALUES (411, 'bo', 'Tibetan', NULL, NULL, NULL);
INSERT INTO "language" (id, code, englishname, nativename, pluralforms, pluralexpression) VALUES (412, 'tig', 'Tigre', NULL, NULL, NULL);
INSERT INTO "language" (id, code, englishname, nativename, pluralforms, pluralexpression) VALUES (413, 'ti', 'Tigrinya', NULL, NULL, NULL);
INSERT INTO "language" (id, code, englishname, nativename, pluralforms, pluralexpression) VALUES (414, 'tiv', 'Tiv', NULL, NULL, NULL);
INSERT INTO "language" (id, code, englishname, nativename, pluralforms, pluralexpression) VALUES (415, 'tlh', 'Klingon; tlhIngan-Hol', NULL, NULL, NULL);
INSERT INTO "language" (id, code, englishname, nativename, pluralforms, pluralexpression) VALUES (416, 'tkl', 'Tokelau', NULL, NULL, NULL);
INSERT INTO "language" (id, code, englishname, nativename, pluralforms, pluralexpression) VALUES (417, 'tli', 'Tlinglit', NULL, NULL, NULL);
INSERT INTO "language" (id, code, englishname, nativename, pluralforms, pluralexpression) VALUES (418, 'tmh', 'Tamashek', NULL, NULL, NULL);
INSERT INTO "language" (id, code, englishname, nativename, pluralforms, pluralexpression) VALUES (419, 'tog', 'Tonga (Nyasa)', NULL, NULL, NULL);
INSERT INTO "language" (id, code, englishname, nativename, pluralforms, pluralexpression) VALUES (420, 'to', 'Tonga (Tonga Islands)', NULL, NULL, NULL);
INSERT INTO "language" (id, code, englishname, nativename, pluralforms, pluralexpression) VALUES (421, 'tpi', 'Tok Pisin', NULL, NULL, NULL);
INSERT INTO "language" (id, code, englishname, nativename, pluralforms, pluralexpression) VALUES (422, 'tsi', 'Tsimshian', NULL, NULL, NULL);
INSERT INTO "language" (id, code, englishname, nativename, pluralforms, pluralexpression) VALUES (423, 'tn', 'Tswana', NULL, NULL, NULL);
INSERT INTO "language" (id, code, englishname, nativename, pluralforms, pluralexpression) VALUES (424, 'tk', 'Turkmen', NULL, NULL, NULL);
INSERT INTO "language" (id, code, englishname, nativename, pluralforms, pluralexpression) VALUES (425, 'tum', 'Tumbuka', NULL, NULL, NULL);
INSERT INTO "language" (id, code, englishname, nativename, pluralforms, pluralexpression) VALUES (426, 'tup', 'Tupi languages', NULL, NULL, NULL);
INSERT INTO "language" (id, code, englishname, nativename, pluralforms, pluralexpression) VALUES (427, 'tr', 'Turkish', NULL, 1, '0');
INSERT INTO "language" (id, code, englishname, nativename, pluralforms, pluralexpression) VALUES (428, 'tut', 'Altaic (Other)', NULL, NULL, NULL);
INSERT INTO "language" (id, code, englishname, nativename, pluralforms, pluralexpression) VALUES (429, 'tvl', 'Tuvalu', NULL, NULL, NULL);
INSERT INTO "language" (id, code, englishname, nativename, pluralforms, pluralexpression) VALUES (430, 'tw', 'Twi', NULL, NULL, NULL);
INSERT INTO "language" (id, code, englishname, nativename, pluralforms, pluralexpression) VALUES (431, 'tyv', 'Tuvinian', NULL, NULL, NULL);
INSERT INTO "language" (id, code, englishname, nativename, pluralforms, pluralexpression) VALUES (432, 'udm', 'Udmurt', NULL, NULL, NULL);
INSERT INTO "language" (id, code, englishname, nativename, pluralforms, pluralexpression) VALUES (433, 'uga', 'Ugaritic', NULL, NULL, NULL);
INSERT INTO "language" (id, code, englishname, nativename, pluralforms, pluralexpression) VALUES (434, 'ug', 'Uighur', NULL, NULL, NULL);
INSERT INTO "language" (id, code, englishname, nativename, pluralforms, pluralexpression) VALUES (435, 'uk', 'Ukrainian', NULL, 3, 'n%10==1 && n%100!=11 ? 0 : n%10>=2 && n%10<=4 && (n%100<10 || n%100>=20) ? 1 : 2');
INSERT INTO "language" (id, code, englishname, nativename, pluralforms, pluralexpression) VALUES (436, 'umb', 'Umbundu', NULL, NULL, NULL);
INSERT INTO "language" (id, code, englishname, nativename, pluralforms, pluralexpression) VALUES (437, 'und', 'Undetermined', NULL, NULL, NULL);
INSERT INTO "language" (id, code, englishname, nativename, pluralforms, pluralexpression) VALUES (438, 'urd', 'Urdu', NULL, NULL, NULL);
INSERT INTO "language" (id, code, englishname, nativename, pluralforms, pluralexpression) VALUES (439, 'uz', 'Uzbek', NULL, NULL, NULL);
INSERT INTO "language" (id, code, englishname, nativename, pluralforms, pluralexpression) VALUES (440, 'vai', 'Vai', NULL, NULL, NULL);
INSERT INTO "language" (id, code, englishname, nativename, pluralforms, pluralexpression) VALUES (441, 've', 'Venda', NULL, NULL, NULL);
INSERT INTO "language" (id, code, englishname, nativename, pluralforms, pluralexpression) VALUES (442, 'vi', 'Vietnamese', NULL, 1, '0');
INSERT INTO "language" (id, code, englishname, nativename, pluralforms, pluralexpression) VALUES (443, 'vo', 'Volapuk', NULL, NULL, NULL);
INSERT INTO "language" (id, code, englishname, nativename, pluralforms, pluralexpression) VALUES (444, 'vot', 'Votic', NULL, NULL, NULL);
INSERT INTO "language" (id, code, englishname, nativename, pluralforms, pluralexpression) VALUES (445, 'wak', 'Wakashan languages', NULL, NULL, NULL);
INSERT INTO "language" (id, code, englishname, nativename, pluralforms, pluralexpression) VALUES (446, 'wal', 'Walamo', NULL, NULL, NULL);
INSERT INTO "language" (id, code, englishname, nativename, pluralforms, pluralexpression) VALUES (447, 'war', 'Waray', NULL, NULL, NULL);
INSERT INTO "language" (id, code, englishname, nativename, pluralforms, pluralexpression) VALUES (448, 'was', 'Washo', NULL, NULL, NULL);
INSERT INTO "language" (id, code, englishname, nativename, pluralforms, pluralexpression) VALUES (449, 'cy', 'Welsh', NULL, 4, 'n==1 ? 0 : n==2 ? 1 : (n != 8 || n != 11) ? 2 : 3');
INSERT INTO "language" (id, code, englishname, nativename, pluralforms, pluralexpression) VALUES (450, 'wen', 'Sorbian languages', NULL, NULL, NULL);
INSERT INTO "language" (id, code, englishname, nativename, pluralforms, pluralexpression) VALUES (451, 'wa', 'Walloon', NULL, NULL, NULL);
INSERT INTO "language" (id, code, englishname, nativename, pluralforms, pluralexpression) VALUES (452, 'wo', 'Wolof', NULL, NULL, NULL);
INSERT INTO "language" (id, code, englishname, nativename, pluralforms, pluralexpression) VALUES (453, 'xal', 'Kalmyk', NULL, NULL, NULL);
INSERT INTO "language" (id, code, englishname, nativename, pluralforms, pluralexpression) VALUES (454, 'xh', 'Xhosa', NULL, 2, 'n != 1');
INSERT INTO "language" (id, code, englishname, nativename, pluralforms, pluralexpression) VALUES (455, 'yao', 'Yao', NULL, NULL, NULL);
INSERT INTO "language" (id, code, englishname, nativename, pluralforms, pluralexpression) VALUES (456, 'yap', 'Yapese', NULL, NULL, NULL);
INSERT INTO "language" (id, code, englishname, nativename, pluralforms, pluralexpression) VALUES (457, 'yi', 'Yiddish', NULL, NULL, NULL);
INSERT INTO "language" (id, code, englishname, nativename, pluralforms, pluralexpression) VALUES (458, 'yo', 'Yoruba', NULL, NULL, NULL);
INSERT INTO "language" (id, code, englishname, nativename, pluralforms, pluralexpression) VALUES (459, 'ypk', 'Yupik languages', NULL, NULL, NULL);
INSERT INTO "language" (id, code, englishname, nativename, pluralforms, pluralexpression) VALUES (460, 'zap', 'Zapotec', NULL, NULL, NULL);
INSERT INTO "language" (id, code, englishname, nativename, pluralforms, pluralexpression) VALUES (461, 'zen', 'Zenaga', NULL, NULL, NULL);
INSERT INTO "language" (id, code, englishname, nativename, pluralforms, pluralexpression) VALUES (462, 'za', 'Chuang; Zhuang', NULL, NULL, NULL);
INSERT INTO "language" (id, code, englishname, nativename, pluralforms, pluralexpression) VALUES (463, 'znd', 'Zande', NULL, NULL, NULL);
INSERT INTO "language" (id, code, englishname, nativename, pluralforms, pluralexpression) VALUES (464, 'zu', 'Zulu', NULL, 2, 'n != 1');
INSERT INTO "language" (id, code, englishname, nativename, pluralforms, pluralexpression) VALUES (465, 'zun', 'Zuni', NULL, NULL, NULL);
INSERT INTO "language" (id, code, englishname, nativename, pluralforms, pluralexpression) VALUES (466, 'ti_ER', 'Tigrinya (Eritrea)', NULL, NULL, NULL);
INSERT INTO "language" (id, code, englishname, nativename, pluralforms, pluralexpression) VALUES (467, 'ti_ET', 'Tigrinya (Ethiopia)', NULL, NULL, NULL);
INSERT INTO "language" (id, code, englishname, nativename, pluralforms, pluralexpression) VALUES (468, 'gez_ER', 'Geez (Eritrea)', NULL, NULL, NULL);
INSERT INTO "language" (id, code, englishname, nativename, pluralforms, pluralexpression) VALUES (469, 'gez_ET', 'Geez (Ethiopia)', NULL, NULL, NULL);
INSERT INTO "language" (id, code, englishname, nativename, pluralforms, pluralexpression) VALUES (470, 'de_AT', 'German (Austria)', NULL, 2, 'n != 1');
INSERT INTO "language" (id, code, englishname, nativename, pluralforms, pluralexpression) VALUES (471, 'de_BE', 'German (Belgium)', NULL, 2, 'n != 1');
INSERT INTO "language" (id, code, englishname, nativename, pluralforms, pluralexpression) VALUES (472, 'de_CH', 'German (Switzerland)', NULL, 2, 'n != 1');
INSERT INTO "language" (id, code, englishname, nativename, pluralforms, pluralexpression) VALUES (473, 'de_DE', 'German (Germany)', NULL, 2, 'n != 1');
INSERT INTO "language" (id, code, englishname, nativename, pluralforms, pluralexpression) VALUES (474, 'de_LU', 'German (Luxembourg)', NULL, 2, 'n != 1');
INSERT INTO "language" (id, code, englishname, nativename, pluralforms, pluralexpression) VALUES (475, 'en_AU', 'English (Australia)', NULL, 2, 'n != 1');
INSERT INTO "language" (id, code, englishname, nativename, pluralforms, pluralexpression) VALUES (476, 'en_BW', 'English (Botswana)', NULL, 2, 'n != 1');
INSERT INTO "language" (id, code, englishname, nativename, pluralforms, pluralexpression) VALUES (477, 'en_CA', 'English (Canada)', NULL, 2, 'n != 1');
INSERT INTO "language" (id, code, englishname, nativename, pluralforms, pluralexpression) VALUES (478, 'en_DK', 'English (Denmark)', NULL, 2, 'n != 1');
INSERT INTO "language" (id, code, englishname, nativename, pluralforms, pluralexpression) VALUES (479, 'en_GB', 'English (United Kingdom)', NULL, 2, 'n != 1');
INSERT INTO "language" (id, code, englishname, nativename, pluralforms, pluralexpression) VALUES (480, 'en_HK', 'English (Hong Kong)', NULL, 2, 'n != 1');
INSERT INTO "language" (id, code, englishname, nativename, pluralforms, pluralexpression) VALUES (481, 'en_IE', 'English (Ireland)', NULL, 2, 'n != 1');
INSERT INTO "language" (id, code, englishname, nativename, pluralforms, pluralexpression) VALUES (482, 'en_IN', 'English (India)', NULL, 2, 'n != 1');
INSERT INTO "language" (id, code, englishname, nativename, pluralforms, pluralexpression) VALUES (483, 'en_NZ', 'English (New Zealand)', NULL, 2, 'n != 1');
INSERT INTO "language" (id, code, englishname, nativename, pluralforms, pluralexpression) VALUES (484, 'en_PH', 'English (Philippines)', NULL, 2, 'n != 1');
INSERT INTO "language" (id, code, englishname, nativename, pluralforms, pluralexpression) VALUES (485, 'en_SG', 'English (Singapore)', NULL, 2, 'n != 1');
INSERT INTO "language" (id, code, englishname, nativename, pluralforms, pluralexpression) VALUES (486, 'en_US', 'English (United States)', NULL, 2, 'n != 1');
INSERT INTO "language" (id, code, englishname, nativename, pluralforms, pluralexpression) VALUES (487, 'en_ZA', 'English (South Africa)', NULL, 2, 'n != 1');
INSERT INTO "language" (id, code, englishname, nativename, pluralforms, pluralexpression) VALUES (488, 'en_ZW', 'English (Zimbabwe)', NULL, 2, 'n != 1');
INSERT INTO "language" (id, code, englishname, nativename, pluralforms, pluralexpression) VALUES (489, 'zh_CN', 'Chinese (China)', NULL, 1, '0');
INSERT INTO "language" (id, code, englishname, nativename, pluralforms, pluralexpression) VALUES (490, 'zh_HK', 'Chinese (Hong Kong)', NULL, 1, '0');
INSERT INTO "language" (id, code, englishname, nativename, pluralforms, pluralexpression) VALUES (491, 'zh_SG', 'Chinese (Singapore)', NULL, 1, '0');
INSERT INTO "language" (id, code, englishname, nativename, pluralforms, pluralexpression) VALUES (492, 'zh_TW', 'Chinese (Taiwan, Province of China)', NULL, 1, '0');
INSERT INTO "language" (id, code, englishname, nativename, pluralforms, pluralexpression) VALUES (493, 'eu_ES', 'Basque (Spain)', NULL, 2, 'n != 1');
INSERT INTO "language" (id, code, englishname, nativename, pluralforms, pluralexpression) VALUES (494, 'eu_FR', 'Basque (France)', NULL, 2, 'n != 1');
INSERT INTO "language" (id, code, englishname, nativename, pluralforms, pluralexpression) VALUES (495, 'es_AR', 'Spanish (Argentina)', NULL, 2, 'n != 1');
INSERT INTO "language" (id, code, englishname, nativename, pluralforms, pluralexpression) VALUES (496, 'es_BO', 'Spanish (Bolivia)', NULL, 2, 'n != 1');
INSERT INTO "language" (id, code, englishname, nativename, pluralforms, pluralexpression) VALUES (497, 'es_CL', 'Spanish (Chile)', NULL, 2, 'n != 1');
INSERT INTO "language" (id, code, englishname, nativename, pluralforms, pluralexpression) VALUES (498, 'es_CO', 'Spanish (Colombia)', NULL, 2, 'n != 1');
INSERT INTO "language" (id, code, englishname, nativename, pluralforms, pluralexpression) VALUES (499, 'es_CR', 'Spanish (Costa Rica)', NULL, 2, 'n != 1');
INSERT INTO "language" (id, code, englishname, nativename, pluralforms, pluralexpression) VALUES (500, 'es_DO', 'Spanish (Dominican Republic)', NULL, 2, 'n != 1');
INSERT INTO "language" (id, code, englishname, nativename, pluralforms, pluralexpression) VALUES (501, 'es_EC', 'Spanish (Ecuador)', NULL, 2, 'n != 1');
INSERT INTO "language" (id, code, englishname, nativename, pluralforms, pluralexpression) VALUES (502, 'es_ES', 'Spanish (Spain)', NULL, 2, 'n != 1');
INSERT INTO "language" (id, code, englishname, nativename, pluralforms, pluralexpression) VALUES (503, 'es_GT', 'Spanish (Guatemala)', NULL, 2, 'n != 1');
INSERT INTO "language" (id, code, englishname, nativename, pluralforms, pluralexpression) VALUES (504, 'es_HN', 'Spanish (Honduras)', NULL, 2, 'n != 1');
INSERT INTO "language" (id, code, englishname, nativename, pluralforms, pluralexpression) VALUES (505, 'es_MX', 'Spanish (Mexico)', NULL, 2, 'n != 1');
INSERT INTO "language" (id, code, englishname, nativename, pluralforms, pluralexpression) VALUES (506, 'es_NI', 'Spanish (Nicaragua)', NULL, 2, 'n != 1');
INSERT INTO "language" (id, code, englishname, nativename, pluralforms, pluralexpression) VALUES (507, 'es_PA', 'Spanish (Panama)', NULL, 2, 'n != 1');
INSERT INTO "language" (id, code, englishname, nativename, pluralforms, pluralexpression) VALUES (508, 'es_PE', 'Spanish (Peru)', NULL, 2, 'n != 1');
INSERT INTO "language" (id, code, englishname, nativename, pluralforms, pluralexpression) VALUES (509, 'es_PR', 'Spanish (Puerto Rico)', NULL, 2, 'n != 1');
INSERT INTO "language" (id, code, englishname, nativename, pluralforms, pluralexpression) VALUES (510, 'es_PY', 'Spanish (Paraguay)', NULL, 2, 'n != 1');
INSERT INTO "language" (id, code, englishname, nativename, pluralforms, pluralexpression) VALUES (511, 'es_SV', 'Spanish (El Salvador)', NULL, 2, 'n != 1');
INSERT INTO "language" (id, code, englishname, nativename, pluralforms, pluralexpression) VALUES (512, 'es_US', 'Spanish (United States)', NULL, 2, 'n != 1');
INSERT INTO "language" (id, code, englishname, nativename, pluralforms, pluralexpression) VALUES (513, 'es_UY', 'Spanish (Uruguay)', NULL, 2, 'n != 1');
INSERT INTO "language" (id, code, englishname, nativename, pluralforms, pluralexpression) VALUES (514, 'es_VE', 'Spanish (Venezuela)', NULL, 2, 'n != 1');
INSERT INTO "language" (id, code, englishname, nativename, pluralforms, pluralexpression) VALUES (515, 'ru_RU', 'Russian (Russian Federation)', NULL, 3, 'n%10==1 && n%100!=11 ? 0 : n%10>=2 && n%10<=4 && (n%100<10 || n%100>=20) ? 1 : 2');
INSERT INTO "language" (id, code, englishname, nativename, pluralforms, pluralexpression) VALUES (516, 'ru_UA', 'Russian (Ukraine)', NULL, 3, 'n%10==1 && n%100!=11 ? 0 : n%10>=2 && n%10<=4 && (n%100<10 || n%100>=20) ? 1 : 2');
INSERT INTO "language" (id, code, englishname, nativename, pluralforms, pluralexpression) VALUES (517, 'bn_BD', 'Bengali (Bangladesh)', NULL, NULL, NULL);
INSERT INTO "language" (id, code, englishname, nativename, pluralforms, pluralexpression) VALUES (518, 'bn_IN', 'Bengali (India)', NULL, NULL, NULL);
INSERT INTO "language" (id, code, englishname, nativename, pluralforms, pluralexpression) VALUES (519, 'om_ET', 'Oromo (Ethiopia)', NULL, NULL, NULL);
INSERT INTO "language" (id, code, englishname, nativename, pluralforms, pluralexpression) VALUES (520, 'om_KE', 'Oromo (Kenya)', NULL, NULL, NULL);
INSERT INTO "language" (id, code, englishname, nativename, pluralforms, pluralexpression) VALUES (521, 'pt_BR', 'Portuguese (Brazil)', NULL, 2, 'n > 1');
INSERT INTO "language" (id, code, englishname, nativename, pluralforms, pluralexpression) VALUES (522, 'pt_PT', 'Portuguese (Portugal)', NULL, 2, 'n != 1');
INSERT INTO "language" (id, code, englishname, nativename, pluralforms, pluralexpression) VALUES (523, 'aa_DJ', 'Afar (Djibouti)', NULL, NULL, NULL);
INSERT INTO "language" (id, code, englishname, nativename, pluralforms, pluralexpression) VALUES (524, 'aa_ER', 'Afar (Eritrea)', NULL, NULL, NULL);
INSERT INTO "language" (id, code, englishname, nativename, pluralforms, pluralexpression) VALUES (525, 'aa_ET', 'Afar (Ethiopia)', NULL, NULL, NULL);
INSERT INTO "language" (id, code, englishname, nativename, pluralforms, pluralexpression) VALUES (526, 'it_CH', 'Italian (Switzerland)', NULL, 2, 'n != 1');
INSERT INTO "language" (id, code, englishname, nativename, pluralforms, pluralexpression) VALUES (527, 'it_IT', 'Italian (Italy)', NULL, 2, 'n != 1');
INSERT INTO "language" (id, code, englishname, nativename, pluralforms, pluralexpression) VALUES (528, 'ar_AE', 'Arabic (United Arab Emirates)', NULL, NULL, NULL);
INSERT INTO "language" (id, code, englishname, nativename, pluralforms, pluralexpression) VALUES (529, 'ar_BH', 'Arabic (Bahrain)', NULL, NULL, NULL);
INSERT INTO "language" (id, code, englishname, nativename, pluralforms, pluralexpression) VALUES (530, 'ar_DZ', 'Arabic (Algeria)', NULL, NULL, NULL);
INSERT INTO "language" (id, code, englishname, nativename, pluralforms, pluralexpression) VALUES (531, 'ar_EG', 'Arabic (Egypt)', NULL, NULL, NULL);
INSERT INTO "language" (id, code, englishname, nativename, pluralforms, pluralexpression) VALUES (532, 'ar_IN', 'Arabic (India)', NULL, NULL, NULL);
INSERT INTO "language" (id, code, englishname, nativename, pluralforms, pluralexpression) VALUES (533, 'ar_IQ', 'Arabic (Iraq)', NULL, NULL, NULL);
INSERT INTO "language" (id, code, englishname, nativename, pluralforms, pluralexpression) VALUES (534, 'ar_JO', 'Arabic (Jordan)', NULL, NULL, NULL);
INSERT INTO "language" (id, code, englishname, nativename, pluralforms, pluralexpression) VALUES (535, 'ar_KW', 'Arabic (Kuwait)', NULL, NULL, NULL);
INSERT INTO "language" (id, code, englishname, nativename, pluralforms, pluralexpression) VALUES (536, 'ar_LB', 'Arabic (Lebanon)', NULL, NULL, NULL);
INSERT INTO "language" (id, code, englishname, nativename, pluralforms, pluralexpression) VALUES (537, 'ar_LY', 'Arabic (Libyan Arab Jamahiriya)', NULL, NULL, NULL);
INSERT INTO "language" (id, code, englishname, nativename, pluralforms, pluralexpression) VALUES (538, 'ar_MA', 'Arabic (Morocco)', NULL, NULL, NULL);
INSERT INTO "language" (id, code, englishname, nativename, pluralforms, pluralexpression) VALUES (539, 'ar_OM', 'Arabic (Oman)', NULL, NULL, NULL);
INSERT INTO "language" (id, code, englishname, nativename, pluralforms, pluralexpression) VALUES (540, 'ar_QA', 'Arabic (Qatar)', NULL, NULL, NULL);
INSERT INTO "language" (id, code, englishname, nativename, pluralforms, pluralexpression) VALUES (541, 'ar_SA', 'Arabic (Saudi Arabia)', NULL, NULL, NULL);
INSERT INTO "language" (id, code, englishname, nativename, pluralforms, pluralexpression) VALUES (542, 'ar_SD', 'Arabic (Sudan)', NULL, NULL, NULL);
INSERT INTO "language" (id, code, englishname, nativename, pluralforms, pluralexpression) VALUES (543, 'ar_SY', 'Arabic (Syrian Arab Republic)', NULL, NULL, NULL);
INSERT INTO "language" (id, code, englishname, nativename, pluralforms, pluralexpression) VALUES (544, 'ar_TN', 'Arabic (Tunisia)', NULL, NULL, NULL);
INSERT INTO "language" (id, code, englishname, nativename, pluralforms, pluralexpression) VALUES (545, 'ar_YE', 'Arabic (Yemen)', NULL, NULL, NULL);
INSERT INTO "language" (id, code, englishname, nativename, pluralforms, pluralexpression) VALUES (546, 'nl_BE', 'Dutch (Belgium)', NULL, 2, 'n != 1');
INSERT INTO "language" (id, code, englishname, nativename, pluralforms, pluralexpression) VALUES (547, 'nl_NL', 'Dutch (Netherlands)', NULL, 2, 'n != 1');
INSERT INTO "language" (id, code, englishname, nativename, pluralforms, pluralexpression) VALUES (548, 'fr_BE', 'French (Belgium)', NULL, 2, 'n > 1');
INSERT INTO "language" (id, code, englishname, nativename, pluralforms, pluralexpression) VALUES (549, 'fr_CA', 'French (Canada)', NULL, 2, 'n > 1');
INSERT INTO "language" (id, code, englishname, nativename, pluralforms, pluralexpression) VALUES (550, 'fr_CH', 'French (Switzerland)', NULL, 2, 'n > 1');
INSERT INTO "language" (id, code, englishname, nativename, pluralforms, pluralexpression) VALUES (551, 'fr_FR', 'French (France)', NULL, 2, 'n > 1');
INSERT INTO "language" (id, code, englishname, nativename, pluralforms, pluralexpression) VALUES (552, 'fr_LU', 'French (Luxembourg)', NULL, 2, 'n > 1');
INSERT INTO "language" (id, code, englishname, nativename, pluralforms, pluralexpression) VALUES (553, 'sv_FI', 'Swedish (Finland)', NULL, 2, 'n != 1');
INSERT INTO "language" (id, code, englishname, nativename, pluralforms, pluralexpression) VALUES (554, 'sv_SE', 'Swedish (Sweden)', NULL, 2, 'n != 1');
INSERT INTO "language" (id, code, englishname, nativename, pluralforms, pluralexpression) VALUES (555, 'so_DJ', 'Somali (Djibouti)', NULL, NULL, NULL);
INSERT INTO "language" (id, code, englishname, nativename, pluralforms, pluralexpression) VALUES (556, 'so_ET', 'Somali (Ethiopia)', NULL, NULL, NULL);
INSERT INTO "language" (id, code, englishname, nativename, pluralforms, pluralexpression) VALUES (557, 'so_KE', 'Somali (Kenya)', NULL, NULL, NULL);
INSERT INTO "language" (id, code, englishname, nativename, pluralforms, pluralexpression) VALUES (558, 'so_SO', 'Somali (Somalia)', NULL, NULL, NULL);


--
-- TOC entry 2 (OID 1614056)
-- Name: language_id_seq; Type: SEQUENCE SET; Schema: public; Owner: carlos
--

SELECT pg_catalog.setval('language_id_seq', 558, true);


--
-- Data for TOC entry 3 (OID 1614067)
-- Name: country; Type: TABLE DATA; Schema: public; Owner: carlos
--

INSERT INTO country (id, iso3166code2, iso3166code3, name, title, description) VALUES (1, 'AF', 'AFG', 'Afghanistan', 'The Transitional Islamic State of Afghanistan', NULL);
INSERT INTO country (id, iso3166code2, iso3166code3, name, title, description) VALUES (2, 'AX', 'ALA', 'Åland Islands', NULL, NULL);
INSERT INTO country (id, iso3166code2, iso3166code3, name, title, description) VALUES (3, 'AL', 'ALB', 'Albania', 'Republic of Albania', NULL);
INSERT INTO country (id, iso3166code2, iso3166code3, name, title, description) VALUES (4, 'DZ', 'DZA', 'Algeria', 'People''s Democratic Republic of Algeria', NULL);
INSERT INTO country (id, iso3166code2, iso3166code3, name, title, description) VALUES (5, 'AS', 'ASM', 'American Samoa', NULL, NULL);
INSERT INTO country (id, iso3166code2, iso3166code3, name, title, description) VALUES (6, 'AD', 'AND', 'Andorra', 'Principality of Andorra', NULL);
INSERT INTO country (id, iso3166code2, iso3166code3, name, title, description) VALUES (7, 'AO', 'AGO', 'Angola', 'Republic of Angola', NULL);
INSERT INTO country (id, iso3166code2, iso3166code3, name, title, description) VALUES (8, 'AI', 'AIA', 'Anguilla', NULL, NULL);
INSERT INTO country (id, iso3166code2, iso3166code3, name, title, description) VALUES (9, 'AQ', 'ATA', 'Antarctica', NULL, NULL);
INSERT INTO country (id, iso3166code2, iso3166code3, name, title, description) VALUES (10, 'AG', 'ATG', 'Antigua and Barbuda', NULL, NULL);
INSERT INTO country (id, iso3166code2, iso3166code3, name, title, description) VALUES (11, 'AR', 'ARG', 'Argentina', 'Argentine Republic', NULL);
INSERT INTO country (id, iso3166code2, iso3166code3, name, title, description) VALUES (12, 'AM', 'ARM', 'Armenia', 'Republic of Armenia', NULL);
INSERT INTO country (id, iso3166code2, iso3166code3, name, title, description) VALUES (13, 'AW', 'ABW', 'Aruba', NULL, NULL);
INSERT INTO country (id, iso3166code2, iso3166code3, name, title, description) VALUES (14, 'AU', 'AUS', 'Australia', NULL, NULL);
INSERT INTO country (id, iso3166code2, iso3166code3, name, title, description) VALUES (15, 'AT', 'AUT', 'Austria', 'Republic of Austria', NULL);
INSERT INTO country (id, iso3166code2, iso3166code3, name, title, description) VALUES (16, 'AZ', 'AZE', 'Azerbaijan', 'Republic of Azerbaijan', NULL);
INSERT INTO country (id, iso3166code2, iso3166code3, name, title, description) VALUES (17, 'BS', 'BHS', 'Bahamas', 'Commonwealth of the Bahamas', NULL);
INSERT INTO country (id, iso3166code2, iso3166code3, name, title, description) VALUES (18, 'BH', 'BHR', 'Bahrain', 'State of Bahrain', NULL);
INSERT INTO country (id, iso3166code2, iso3166code3, name, title, description) VALUES (19, 'BD', 'BGD', 'Bangladesh', 'People''s Republic of Bangladesh', NULL);
INSERT INTO country (id, iso3166code2, iso3166code3, name, title, description) VALUES (20, 'BB', 'BRB', 'Barbados', NULL, NULL);
INSERT INTO country (id, iso3166code2, iso3166code3, name, title, description) VALUES (21, 'BY', 'BLR', 'Belarus', 'Republic of Belarus', NULL);
INSERT INTO country (id, iso3166code2, iso3166code3, name, title, description) VALUES (22, 'BE', 'BEL', 'Belgium', 'Kingdom of Belgium', NULL);
INSERT INTO country (id, iso3166code2, iso3166code3, name, title, description) VALUES (23, 'BZ', 'BLZ', 'Belize', NULL, NULL);
INSERT INTO country (id, iso3166code2, iso3166code3, name, title, description) VALUES (24, 'BJ', 'BEN', 'Benin', 'Republic of Benin', NULL);
INSERT INTO country (id, iso3166code2, iso3166code3, name, title, description) VALUES (25, 'BM', 'BMU', 'Bermuda', NULL, NULL);
INSERT INTO country (id, iso3166code2, iso3166code3, name, title, description) VALUES (26, 'BT', 'BTN', 'Bhutan', 'Kingdom of Bhutan', NULL);
INSERT INTO country (id, iso3166code2, iso3166code3, name, title, description) VALUES (27, 'BO', 'BOL', 'Bolivia', 'Republic of Bolivia', NULL);
INSERT INTO country (id, iso3166code2, iso3166code3, name, title, description) VALUES (28, 'BA', 'BIH', 'Bosnia and Herzegovina', 'Republic of Bosnia and Herzegovina', NULL);
INSERT INTO country (id, iso3166code2, iso3166code3, name, title, description) VALUES (29, 'BW', 'BWA', 'Botswana', 'Republic of Botswana', NULL);
INSERT INTO country (id, iso3166code2, iso3166code3, name, title, description) VALUES (30, 'BV', 'BVT', 'Bouvet Island', NULL, NULL);
INSERT INTO country (id, iso3166code2, iso3166code3, name, title, description) VALUES (31, 'BR', 'BRA', 'Brazil', 'Federative Republic of Brazil', NULL);
INSERT INTO country (id, iso3166code2, iso3166code3, name, title, description) VALUES (32, 'IO', 'IOT', 'British Indian Ocean Territory', NULL, NULL);
INSERT INTO country (id, iso3166code2, iso3166code3, name, title, description) VALUES (33, 'BN', 'BRN', 'Brunei Darussalam', NULL, NULL);
INSERT INTO country (id, iso3166code2, iso3166code3, name, title, description) VALUES (34, 'BG', 'BGR', 'Bulgaria', 'Republic of Bulgaria', NULL);
INSERT INTO country (id, iso3166code2, iso3166code3, name, title, description) VALUES (35, 'BF', 'BFA', 'Burkina Faso', NULL, NULL);
INSERT INTO country (id, iso3166code2, iso3166code3, name, title, description) VALUES (36, 'BI', 'BDI', 'Burundi', 'Republic of Burundi', NULL);
INSERT INTO country (id, iso3166code2, iso3166code3, name, title, description) VALUES (37, 'KH', 'KHM', 'Cambodia', 'Kingdom of Cambodia', NULL);
INSERT INTO country (id, iso3166code2, iso3166code3, name, title, description) VALUES (38, 'CM', 'CMR', 'Cameroon', 'Republic of Cameroon', NULL);
INSERT INTO country (id, iso3166code2, iso3166code3, name, title, description) VALUES (39, 'CA', 'CAN', 'Canada', NULL, NULL);
INSERT INTO country (id, iso3166code2, iso3166code3, name, title, description) VALUES (40, 'CV', 'CPV', 'Cape Verde', 'Republic of Cape Verde', NULL);
INSERT INTO country (id, iso3166code2, iso3166code3, name, title, description) VALUES (41, 'KY', 'CYM', 'Cayman Islands', NULL, NULL);
INSERT INTO country (id, iso3166code2, iso3166code3, name, title, description) VALUES (42, 'CF', 'CAF', 'Central African Republic', NULL, NULL);
INSERT INTO country (id, iso3166code2, iso3166code3, name, title, description) VALUES (43, 'TD', 'TCD', 'Chad', 'Republic of Chad', NULL);
INSERT INTO country (id, iso3166code2, iso3166code3, name, title, description) VALUES (44, 'CL', 'CHL', 'Chile', 'Republic of Chile', NULL);
INSERT INTO country (id, iso3166code2, iso3166code3, name, title, description) VALUES (45, 'CN', 'CHN', 'China', 'People''s Republic of China', NULL);
INSERT INTO country (id, iso3166code2, iso3166code3, name, title, description) VALUES (46, 'CX', 'CXR', 'Christmas Island', NULL, NULL);
INSERT INTO country (id, iso3166code2, iso3166code3, name, title, description) VALUES (47, 'CC', 'CCK', 'Cocos (Keeling) Islands', NULL, NULL);
INSERT INTO country (id, iso3166code2, iso3166code3, name, title, description) VALUES (48, 'CO', 'COL', 'Colombia', 'Republic of Colombia', NULL);
INSERT INTO country (id, iso3166code2, iso3166code3, name, title, description) VALUES (49, 'KM', 'COM', 'Comoros', 'Union of the Comoros', NULL);
INSERT INTO country (id, iso3166code2, iso3166code3, name, title, description) VALUES (50, 'CG', 'COG', 'Congo', 'Republic of the Congo', NULL);
INSERT INTO country (id, iso3166code2, iso3166code3, name, title, description) VALUES (51, 'CD', 'ZAR', 'Congo, The Democratic Republic of the', NULL, NULL);
INSERT INTO country (id, iso3166code2, iso3166code3, name, title, description) VALUES (52, 'CK', 'COK', 'Cook Islands', NULL, NULL);
INSERT INTO country (id, iso3166code2, iso3166code3, name, title, description) VALUES (53, 'CR', 'CRI', 'Costa Rica', 'Republic of Costa Rica', NULL);
INSERT INTO country (id, iso3166code2, iso3166code3, name, title, description) VALUES (54, 'CI', 'CIV', 'Côte d''Ivoire', 'Republic of Cote d''Ivoire', NULL);
INSERT INTO country (id, iso3166code2, iso3166code3, name, title, description) VALUES (55, 'HR', 'HRV', 'Croatia', 'Republic of Croatia', NULL);
INSERT INTO country (id, iso3166code2, iso3166code3, name, title, description) VALUES (56, 'CU', 'CUB', 'Cuba', 'Republic of Cuba', NULL);
INSERT INTO country (id, iso3166code2, iso3166code3, name, title, description) VALUES (57, 'CY', 'CYP', 'Cyprus', 'Republic of Cyprus', NULL);
INSERT INTO country (id, iso3166code2, iso3166code3, name, title, description) VALUES (58, 'CZ', 'CZE', 'Czech Republic', NULL, NULL);
INSERT INTO country (id, iso3166code2, iso3166code3, name, title, description) VALUES (59, 'DK', 'DNK', 'Denmark', 'Kingdom of Denmark', NULL);
INSERT INTO country (id, iso3166code2, iso3166code3, name, title, description) VALUES (60, 'DJ', 'DJI', 'Djibouti', 'Republic of Djibouti', NULL);
INSERT INTO country (id, iso3166code2, iso3166code3, name, title, description) VALUES (61, 'DM', 'DMA', 'Dominica', 'Commonwealth of Dominica', NULL);
INSERT INTO country (id, iso3166code2, iso3166code3, name, title, description) VALUES (62, 'DO', 'DOM', 'Dominican Republic', NULL, NULL);
INSERT INTO country (id, iso3166code2, iso3166code3, name, title, description) VALUES (63, 'TL', 'TLS', 'Timor-Leste', 'Democratic Republic of Timor-Leste', NULL);
INSERT INTO country (id, iso3166code2, iso3166code3, name, title, description) VALUES (64, 'EC', 'ECU', 'Ecuador', 'Republic of Ecuador', NULL);
INSERT INTO country (id, iso3166code2, iso3166code3, name, title, description) VALUES (65, 'EG', 'EGY', 'Egypt', 'Arab Republic of Egypt', NULL);
INSERT INTO country (id, iso3166code2, iso3166code3, name, title, description) VALUES (66, 'SV', 'SLV', 'El Salvador', 'Republic of El Salvador', NULL);
INSERT INTO country (id, iso3166code2, iso3166code3, name, title, description) VALUES (67, 'GQ', 'GNQ', 'Equatorial Guinea', 'Republic of Equatorial Guinea', NULL);
INSERT INTO country (id, iso3166code2, iso3166code3, name, title, description) VALUES (68, 'ER', 'ERI', 'Eritrea', NULL, NULL);
INSERT INTO country (id, iso3166code2, iso3166code3, name, title, description) VALUES (69, 'EE', 'EST', 'Estonia', 'Republic of Estonia', NULL);
INSERT INTO country (id, iso3166code2, iso3166code3, name, title, description) VALUES (70, 'ET', 'ETH', 'Ethiopia', 'Federal Democratic Republic of Ethiopia', NULL);
INSERT INTO country (id, iso3166code2, iso3166code3, name, title, description) VALUES (71, 'FK', 'FLK', 'Falkland Islands (Malvinas)', NULL, NULL);
INSERT INTO country (id, iso3166code2, iso3166code3, name, title, description) VALUES (72, 'FO', 'FRO', 'Faroe Islands', NULL, NULL);
INSERT INTO country (id, iso3166code2, iso3166code3, name, title, description) VALUES (73, 'FJ', 'FJI', 'Fiji', 'Republic of the Fiji Islands', NULL);
INSERT INTO country (id, iso3166code2, iso3166code3, name, title, description) VALUES (74, 'FI', 'FIN', 'Finland', 'Republic of Finland', NULL);
INSERT INTO country (id, iso3166code2, iso3166code3, name, title, description) VALUES (75, 'FR', 'FRA', 'France', 'French Republic', NULL);
INSERT INTO country (id, iso3166code2, iso3166code3, name, title, description) VALUES (76, 'GF', 'GUF', 'French Guiana', NULL, NULL);
INSERT INTO country (id, iso3166code2, iso3166code3, name, title, description) VALUES (77, 'PF', 'PYF', 'French Polynesia', NULL, NULL);
INSERT INTO country (id, iso3166code2, iso3166code3, name, title, description) VALUES (78, 'TF', 'ATF', 'French Southern Territories', NULL, NULL);
INSERT INTO country (id, iso3166code2, iso3166code3, name, title, description) VALUES (79, 'GA', 'GAB', 'Gabon', 'Gabonese Republic', NULL);
INSERT INTO country (id, iso3166code2, iso3166code3, name, title, description) VALUES (80, 'GM', 'GMB', 'Gambia', 'Republic of the Gambia', NULL);
INSERT INTO country (id, iso3166code2, iso3166code3, name, title, description) VALUES (81, 'GE', 'GEO', 'Georgia', NULL, NULL);
INSERT INTO country (id, iso3166code2, iso3166code3, name, title, description) VALUES (82, 'DE', 'DEU', 'Germany', 'Federal Republic of Germany', NULL);
INSERT INTO country (id, iso3166code2, iso3166code3, name, title, description) VALUES (83, 'GH', 'GHA', 'Ghana', 'Republic of Ghana', NULL);
INSERT INTO country (id, iso3166code2, iso3166code3, name, title, description) VALUES (84, 'GI', 'GIB', 'Gibraltar', NULL, NULL);
INSERT INTO country (id, iso3166code2, iso3166code3, name, title, description) VALUES (85, 'GR', 'GRC', 'Greece', 'Hellenic Republic', NULL);
INSERT INTO country (id, iso3166code2, iso3166code3, name, title, description) VALUES (86, 'GL', 'GRL', 'Greenland', NULL, NULL);
INSERT INTO country (id, iso3166code2, iso3166code3, name, title, description) VALUES (87, 'GD', 'GRD', 'Grenada', NULL, NULL);
INSERT INTO country (id, iso3166code2, iso3166code3, name, title, description) VALUES (88, 'GP', 'GLP', 'Guadeloupe', NULL, NULL);
INSERT INTO country (id, iso3166code2, iso3166code3, name, title, description) VALUES (89, 'GU', 'GUM', 'Guam', NULL, NULL);
INSERT INTO country (id, iso3166code2, iso3166code3, name, title, description) VALUES (90, 'GT', 'GTM', 'Guatemala', 'Republic of Guatemala', NULL);
INSERT INTO country (id, iso3166code2, iso3166code3, name, title, description) VALUES (91, 'GN', 'GIN', 'Guinea', 'Republic of Guinea', NULL);
INSERT INTO country (id, iso3166code2, iso3166code3, name, title, description) VALUES (92, 'GW', 'GNB', 'Guinea-Bissau', 'Republic of Guinea-Bissau', NULL);
INSERT INTO country (id, iso3166code2, iso3166code3, name, title, description) VALUES (93, 'GY', 'GUY', 'Guyana', 'Republic of Guyana', NULL);
INSERT INTO country (id, iso3166code2, iso3166code3, name, title, description) VALUES (94, 'HT', 'HTI', 'Haiti', 'Republic of Haiti', NULL);
INSERT INTO country (id, iso3166code2, iso3166code3, name, title, description) VALUES (95, 'HM', 'HMD', 'Heard Island and McDonald Islands', NULL, NULL);
INSERT INTO country (id, iso3166code2, iso3166code3, name, title, description) VALUES (96, 'VA', 'VAT', 'Holy See (Vatican City State)', NULL, NULL);
INSERT INTO country (id, iso3166code2, iso3166code3, name, title, description) VALUES (97, 'HN', 'HND', 'Honduras', 'Republic of Honduras', NULL);
INSERT INTO country (id, iso3166code2, iso3166code3, name, title, description) VALUES (98, 'HK', 'HKG', 'Hong Kong', 'Hong Kong Special Administrative Region of China', NULL);
INSERT INTO country (id, iso3166code2, iso3166code3, name, title, description) VALUES (99, 'HU', 'HUN', 'Hungary', 'Republic of Hungary', NULL);
INSERT INTO country (id, iso3166code2, iso3166code3, name, title, description) VALUES (100, 'IS', 'ISL', 'Iceland', 'Republic of Iceland', NULL);
INSERT INTO country (id, iso3166code2, iso3166code3, name, title, description) VALUES (101, 'IN', 'IND', 'India', 'Republic of India', NULL);
INSERT INTO country (id, iso3166code2, iso3166code3, name, title, description) VALUES (102, 'ID', 'IDN', 'Indonesia', 'Republic of Indonesia', NULL);
INSERT INTO country (id, iso3166code2, iso3166code3, name, title, description) VALUES (103, 'IR', 'IRN', 'Iran, Islamic Republic of', 'Islamic Republic of Iran', NULL);
INSERT INTO country (id, iso3166code2, iso3166code3, name, title, description) VALUES (104, 'IQ', 'IRQ', 'Iraq', 'Republic of Iraq', NULL);
INSERT INTO country (id, iso3166code2, iso3166code3, name, title, description) VALUES (105, 'IE', 'IRL', 'Ireland', NULL, NULL);
INSERT INTO country (id, iso3166code2, iso3166code3, name, title, description) VALUES (106, 'IL', 'ISR', 'Israel', 'State of Israel', NULL);
INSERT INTO country (id, iso3166code2, iso3166code3, name, title, description) VALUES (107, 'IT', 'ITA', 'Italy', 'Italian Republic', NULL);
INSERT INTO country (id, iso3166code2, iso3166code3, name, title, description) VALUES (108, 'JM', 'JAM', 'Jamaica', NULL, NULL);
INSERT INTO country (id, iso3166code2, iso3166code3, name, title, description) VALUES (109, 'JP', 'JPN', 'Japan', NULL, NULL);
INSERT INTO country (id, iso3166code2, iso3166code3, name, title, description) VALUES (110, 'JO', 'JOR', 'Jordan', 'Hashemite Kingdom of Jordan', NULL);
INSERT INTO country (id, iso3166code2, iso3166code3, name, title, description) VALUES (111, 'KZ', 'KAZ', 'Kazakhstan', 'Republic of Kazakhstan', NULL);
INSERT INTO country (id, iso3166code2, iso3166code3, name, title, description) VALUES (112, 'KE', 'KEN', 'Kenya', 'Republic of Kenya', NULL);
INSERT INTO country (id, iso3166code2, iso3166code3, name, title, description) VALUES (113, 'KI', 'KIR', 'Kiribati', 'Republic of Kiribati', NULL);
INSERT INTO country (id, iso3166code2, iso3166code3, name, title, description) VALUES (114, 'KP', 'PRK', 'Korea, Democratic People''s Republic of', 'Democratic People''s Republic of Korea', NULL);
INSERT INTO country (id, iso3166code2, iso3166code3, name, title, description) VALUES (115, 'KR', 'KOR', 'Korea, Republic of', NULL, NULL);
INSERT INTO country (id, iso3166code2, iso3166code3, name, title, description) VALUES (116, 'KW', 'KWT', 'Kuwait', 'State of Kuwait', NULL);
INSERT INTO country (id, iso3166code2, iso3166code3, name, title, description) VALUES (117, 'KG', 'KGZ', 'Kyrgyzstan', 'Kyrgyz Republic', NULL);
INSERT INTO country (id, iso3166code2, iso3166code3, name, title, description) VALUES (118, 'LA', 'LAO', 'Lao People''s Democratic Republic', NULL, NULL);
INSERT INTO country (id, iso3166code2, iso3166code3, name, title, description) VALUES (119, 'LV', 'LVA', 'Latvia', 'Republic of Latvia', NULL);
INSERT INTO country (id, iso3166code2, iso3166code3, name, title, description) VALUES (120, 'LB', 'LBN', 'Lebanon', 'Lebanese Republic', NULL);
INSERT INTO country (id, iso3166code2, iso3166code3, name, title, description) VALUES (121, 'LS', 'LSO', 'Lesotho', 'Kingdom of Lesotho', NULL);
INSERT INTO country (id, iso3166code2, iso3166code3, name, title, description) VALUES (122, 'LR', 'LBR', 'Liberia', 'Republic of Liberia', NULL);
INSERT INTO country (id, iso3166code2, iso3166code3, name, title, description) VALUES (123, 'LY', 'LBY', 'Libyan Arab Jamahiriya', 'Socialist People''s Libyan Arab Jamahiriya', NULL);
INSERT INTO country (id, iso3166code2, iso3166code3, name, title, description) VALUES (124, 'LI', 'LIE', 'Liechtenstein', 'Principality of Liechtenstein', NULL);
INSERT INTO country (id, iso3166code2, iso3166code3, name, title, description) VALUES (125, 'LT', 'LTU', 'Lithuania', 'Republic of Lithuania', NULL);
INSERT INTO country (id, iso3166code2, iso3166code3, name, title, description) VALUES (126, 'LU', 'LUX', 'Luxembourg', 'Grand Duchy of Luxembourg', NULL);
INSERT INTO country (id, iso3166code2, iso3166code3, name, title, description) VALUES (127, 'MO', 'MAC', 'Macao', 'Macao Special Administrative Region of China', NULL);
INSERT INTO country (id, iso3166code2, iso3166code3, name, title, description) VALUES (128, 'MK', 'MKD', 'Macedonia, Republic of', 'The Former Yugoslav Republic of Macedonia', NULL);
INSERT INTO country (id, iso3166code2, iso3166code3, name, title, description) VALUES (129, 'MG', 'MDG', 'Madagascar', 'Republic of Madagascar', NULL);
INSERT INTO country (id, iso3166code2, iso3166code3, name, title, description) VALUES (130, 'MW', 'MWI', 'Malawi', 'Republic of Malawi', NULL);
INSERT INTO country (id, iso3166code2, iso3166code3, name, title, description) VALUES (131, 'MY', 'MYS', 'Malaysia', NULL, NULL);
INSERT INTO country (id, iso3166code2, iso3166code3, name, title, description) VALUES (132, 'MV', 'MDV', 'Maldives', 'Republic of Maldives', NULL);
INSERT INTO country (id, iso3166code2, iso3166code3, name, title, description) VALUES (133, 'ML', 'MLI', 'Mali', 'Republic of Mali', NULL);
INSERT INTO country (id, iso3166code2, iso3166code3, name, title, description) VALUES (134, 'MT', 'MLT', 'Malta', 'Republic of Malta', NULL);
INSERT INTO country (id, iso3166code2, iso3166code3, name, title, description) VALUES (135, 'MH', 'MHL', 'Marshall Islands', 'Republic of the Marshall Islands', NULL);
INSERT INTO country (id, iso3166code2, iso3166code3, name, title, description) VALUES (136, 'MQ', 'MTQ', 'Martinique', NULL, NULL);
INSERT INTO country (id, iso3166code2, iso3166code3, name, title, description) VALUES (137, 'MR', 'MRT', 'Mauritania', 'Islamic Republic of Mauritania', NULL);
INSERT INTO country (id, iso3166code2, iso3166code3, name, title, description) VALUES (138, 'MU', 'MUS', 'Mauritius', 'Republic of Mauritius', NULL);
INSERT INTO country (id, iso3166code2, iso3166code3, name, title, description) VALUES (139, 'YT', 'MYT', 'Mayotte', NULL, NULL);
INSERT INTO country (id, iso3166code2, iso3166code3, name, title, description) VALUES (140, 'MX', 'MEX', 'Mexico', 'United Mexican States', NULL);
INSERT INTO country (id, iso3166code2, iso3166code3, name, title, description) VALUES (141, 'FM', 'FSM', 'Micronesia, Federated States of', 'Federated States of Micronesia', NULL);
INSERT INTO country (id, iso3166code2, iso3166code3, name, title, description) VALUES (142, 'MD', 'MDA', 'Moldova, Republic of', 'Republic of Moldova', NULL);
INSERT INTO country (id, iso3166code2, iso3166code3, name, title, description) VALUES (143, 'MC', 'MCO', 'Monaco', 'Principality of Monaco', NULL);
INSERT INTO country (id, iso3166code2, iso3166code3, name, title, description) VALUES (144, 'MN', 'MNG', 'Mongolia', NULL, NULL);
INSERT INTO country (id, iso3166code2, iso3166code3, name, title, description) VALUES (145, 'MS', 'MSR', 'Montserrat', NULL, NULL);
INSERT INTO country (id, iso3166code2, iso3166code3, name, title, description) VALUES (146, 'MA', 'MAR', 'Morocco', 'Kingdom of Morocco', NULL);
INSERT INTO country (id, iso3166code2, iso3166code3, name, title, description) VALUES (147, 'MZ', 'MOZ', 'Mozambique', 'Republic of Mozambique', NULL);
INSERT INTO country (id, iso3166code2, iso3166code3, name, title, description) VALUES (148, 'MM', 'MMR', 'Myanmar', 'Union of Myanmar', NULL);
INSERT INTO country (id, iso3166code2, iso3166code3, name, title, description) VALUES (149, 'NA', 'NAM', 'Namibia', 'Republic of Namibia', NULL);
INSERT INTO country (id, iso3166code2, iso3166code3, name, title, description) VALUES (150, 'NR', 'NRU', 'Nauru', 'Republic of Nauru', NULL);
INSERT INTO country (id, iso3166code2, iso3166code3, name, title, description) VALUES (151, 'NP', 'NPL', 'Nepal', 'Kingdom of Nepal', NULL);
INSERT INTO country (id, iso3166code2, iso3166code3, name, title, description) VALUES (152, 'NL', 'NLD', 'Netherlands', 'Kingdom of the Netherlands', NULL);
INSERT INTO country (id, iso3166code2, iso3166code3, name, title, description) VALUES (153, 'AN', 'ANT', 'Netherlands Antilles', NULL, NULL);
INSERT INTO country (id, iso3166code2, iso3166code3, name, title, description) VALUES (154, 'NC', 'NCL', 'New Caledonia', NULL, NULL);
INSERT INTO country (id, iso3166code2, iso3166code3, name, title, description) VALUES (155, 'NZ', 'NZL', 'New Zealand', NULL, NULL);
INSERT INTO country (id, iso3166code2, iso3166code3, name, title, description) VALUES (156, 'NI', 'NIC', 'Nicaragua', 'Republic of Nicaragua', NULL);
INSERT INTO country (id, iso3166code2, iso3166code3, name, title, description) VALUES (157, 'NE', 'NER', 'Niger', 'Republic of the Niger', NULL);
INSERT INTO country (id, iso3166code2, iso3166code3, name, title, description) VALUES (158, 'NG', 'NGA', 'Nigeria', 'Federal Republic of Nigeria', NULL);
INSERT INTO country (id, iso3166code2, iso3166code3, name, title, description) VALUES (159, 'NU', 'NIU', 'Niue', 'Republic of Niue', NULL);
INSERT INTO country (id, iso3166code2, iso3166code3, name, title, description) VALUES (160, 'NF', 'NFK', 'Norfolk Island', NULL, NULL);
INSERT INTO country (id, iso3166code2, iso3166code3, name, title, description) VALUES (161, 'MP', 'MNP', 'Northern Mariana Islands', 'Commonwealth of the Northern Mariana Islands', NULL);
INSERT INTO country (id, iso3166code2, iso3166code3, name, title, description) VALUES (162, 'NO', 'NOR', 'Norway', 'Kingdom of Norway', NULL);
INSERT INTO country (id, iso3166code2, iso3166code3, name, title, description) VALUES (163, 'OM', 'OMN', 'Oman', 'Sultanate of Oman', NULL);
INSERT INTO country (id, iso3166code2, iso3166code3, name, title, description) VALUES (164, 'PK', 'PAK', 'Pakistan', 'Islamic Republic of Pakistan', NULL);
INSERT INTO country (id, iso3166code2, iso3166code3, name, title, description) VALUES (165, 'PW', 'PLW', 'Palau', 'Republic of Palau', NULL);
INSERT INTO country (id, iso3166code2, iso3166code3, name, title, description) VALUES (166, 'PS', 'PSE', 'Palestinian Territory, Occupied', 'Occupied Palestinian Territory', NULL);
INSERT INTO country (id, iso3166code2, iso3166code3, name, title, description) VALUES (167, 'PA', 'PAN', 'Panama', 'Republic of Panama', NULL);
INSERT INTO country (id, iso3166code2, iso3166code3, name, title, description) VALUES (168, 'PG', 'PNG', 'Papua New Guinea', NULL, NULL);
INSERT INTO country (id, iso3166code2, iso3166code3, name, title, description) VALUES (169, 'PY', 'PRY', 'Paraguay', 'Republic of Paraguay', NULL);
INSERT INTO country (id, iso3166code2, iso3166code3, name, title, description) VALUES (170, 'PE', 'PER', 'Peru', 'Republic of Peru', NULL);
INSERT INTO country (id, iso3166code2, iso3166code3, name, title, description) VALUES (171, 'PH', 'PHL', 'Philippines', 'Republic of the Philippines', NULL);
INSERT INTO country (id, iso3166code2, iso3166code3, name, title, description) VALUES (172, 'PN', 'PCN', 'Pitcairn', NULL, NULL);
INSERT INTO country (id, iso3166code2, iso3166code3, name, title, description) VALUES (173, 'PL', 'POL', 'Poland', 'Republic of Poland', NULL);
INSERT INTO country (id, iso3166code2, iso3166code3, name, title, description) VALUES (174, 'PT', 'PRT', 'Portugal', 'Portuguese Republic', NULL);
INSERT INTO country (id, iso3166code2, iso3166code3, name, title, description) VALUES (175, 'PR', 'PRI', 'Puerto Rico', NULL, NULL);
INSERT INTO country (id, iso3166code2, iso3166code3, name, title, description) VALUES (176, 'QA', 'QAT', 'Qatar', 'State of Qatar', NULL);
INSERT INTO country (id, iso3166code2, iso3166code3, name, title, description) VALUES (177, 'RE', 'REU', 'Reunion', NULL, NULL);
INSERT INTO country (id, iso3166code2, iso3166code3, name, title, description) VALUES (178, 'RO', 'ROU', 'Romania', NULL, NULL);
INSERT INTO country (id, iso3166code2, iso3166code3, name, title, description) VALUES (179, 'RU', 'RUS', 'Russian Federation', NULL, NULL);
INSERT INTO country (id, iso3166code2, iso3166code3, name, title, description) VALUES (180, 'RW', 'RWA', 'Rwanda', 'Rwandese Republic', NULL);
INSERT INTO country (id, iso3166code2, iso3166code3, name, title, description) VALUES (181, 'SH', 'SHN', 'Saint Helena', NULL, NULL);
INSERT INTO country (id, iso3166code2, iso3166code3, name, title, description) VALUES (182, 'KN', 'KNA', 'Saint Kitts and Nevis', NULL, NULL);
INSERT INTO country (id, iso3166code2, iso3166code3, name, title, description) VALUES (183, 'LC', 'LCA', 'Saint Lucia', NULL, NULL);
INSERT INTO country (id, iso3166code2, iso3166code3, name, title, description) VALUES (184, 'PM', 'SPM', 'Saint Pierre and Miquelon', NULL, NULL);
INSERT INTO country (id, iso3166code2, iso3166code3, name, title, description) VALUES (185, 'VC', 'VCT', 'Saint Vincent and the Grenadines', NULL, NULL);
INSERT INTO country (id, iso3166code2, iso3166code3, name, title, description) VALUES (186, 'WS', 'WSM', 'Samoa', 'Independent State of Samoa', NULL);
INSERT INTO country (id, iso3166code2, iso3166code3, name, title, description) VALUES (187, 'SM', 'SMR', 'San Marino', 'Republic of San Marino', NULL);
INSERT INTO country (id, iso3166code2, iso3166code3, name, title, description) VALUES (188, 'ST', 'STP', 'Sao Tome and Principe', 'Democratic Republic of Sao Tome and Principe', NULL);
INSERT INTO country (id, iso3166code2, iso3166code3, name, title, description) VALUES (189, 'SA', 'SAU', 'Saudi Arabia', 'Kingdom of Saudi Arabia', NULL);
INSERT INTO country (id, iso3166code2, iso3166code3, name, title, description) VALUES (190, 'SN', 'SEN', 'Senegal', 'Republic of Senegal', NULL);
INSERT INTO country (id, iso3166code2, iso3166code3, name, title, description) VALUES (191, 'SC', 'SYC', 'Seychelles', 'Republic of Seychelles', NULL);
INSERT INTO country (id, iso3166code2, iso3166code3, name, title, description) VALUES (192, 'SL', 'SLE', 'Sierra Leone', 'Republic of Sierra Leone', NULL);
INSERT INTO country (id, iso3166code2, iso3166code3, name, title, description) VALUES (193, 'SG', 'SGP', 'Singapore', 'Republic of Singapore', NULL);
INSERT INTO country (id, iso3166code2, iso3166code3, name, title, description) VALUES (194, 'SK', 'SVK', 'Slovakia', 'Slovak Republic', NULL);
INSERT INTO country (id, iso3166code2, iso3166code3, name, title, description) VALUES (195, 'SI', 'SVN', 'Slovenia', 'Republic of Slovenia', NULL);
INSERT INTO country (id, iso3166code2, iso3166code3, name, title, description) VALUES (196, 'SB', 'SLB', 'Solomon Islands', NULL, NULL);
INSERT INTO country (id, iso3166code2, iso3166code3, name, title, description) VALUES (197, 'SO', 'SOM', 'Somalia', 'Somali Republic', NULL);
INSERT INTO country (id, iso3166code2, iso3166code3, name, title, description) VALUES (198, 'ZA', 'ZAF', 'South Africa', 'Republic of South Africa', NULL);
INSERT INTO country (id, iso3166code2, iso3166code3, name, title, description) VALUES (199, 'GS', 'SGS', 'South Georgia and the South Sandwich Islands', NULL, NULL);
INSERT INTO country (id, iso3166code2, iso3166code3, name, title, description) VALUES (200, 'ES', 'ESP', 'Spain', 'Kingdom of Spain', NULL);
INSERT INTO country (id, iso3166code2, iso3166code3, name, title, description) VALUES (201, 'LK', 'LKA', 'Sri Lanka', 'Democratic Socialist Republic of Sri Lanka', NULL);
INSERT INTO country (id, iso3166code2, iso3166code3, name, title, description) VALUES (202, 'SD', 'SDN', 'Sudan', 'Republic of the Sudan', NULL);
INSERT INTO country (id, iso3166code2, iso3166code3, name, title, description) VALUES (203, 'SR', 'SUR', 'Suriname', 'Republic of Suriname', NULL);
INSERT INTO country (id, iso3166code2, iso3166code3, name, title, description) VALUES (204, 'SJ', 'SJM', 'Svalbard and Jan Mayen', NULL, NULL);
INSERT INTO country (id, iso3166code2, iso3166code3, name, title, description) VALUES (205, 'SZ', 'SWZ', 'Swaziland', 'Kingdom of Swaziland', NULL);
INSERT INTO country (id, iso3166code2, iso3166code3, name, title, description) VALUES (206, 'SE', 'SWE', 'Sweden', 'Kingdom of Sweden', NULL);
INSERT INTO country (id, iso3166code2, iso3166code3, name, title, description) VALUES (207, 'CH', 'CHE', 'Switzerland', 'Swiss Confederation', NULL);
INSERT INTO country (id, iso3166code2, iso3166code3, name, title, description) VALUES (208, 'SY', 'SYR', 'Syrian Arab Republic', NULL, NULL);
INSERT INTO country (id, iso3166code2, iso3166code3, name, title, description) VALUES (209, 'TW', 'TWN', 'Taiwan, Province of China', 'Taiwan, Province of China', NULL);
INSERT INTO country (id, iso3166code2, iso3166code3, name, title, description) VALUES (210, 'TJ', 'TJK', 'Tajikistan', 'Republic of Tajikistan', NULL);
INSERT INTO country (id, iso3166code2, iso3166code3, name, title, description) VALUES (211, 'TZ', 'TZA', 'Tanzania, United Republic of', 'United Republic of Tanzania', NULL);
INSERT INTO country (id, iso3166code2, iso3166code3, name, title, description) VALUES (212, 'TH', 'THA', 'Thailand', 'Kingdom of Thailand', NULL);
INSERT INTO country (id, iso3166code2, iso3166code3, name, title, description) VALUES (213, 'TG', 'TGO', 'Togo', 'Togolese Republic', NULL);
INSERT INTO country (id, iso3166code2, iso3166code3, name, title, description) VALUES (214, 'TK', 'TKL', 'Tokelau', NULL, NULL);
INSERT INTO country (id, iso3166code2, iso3166code3, name, title, description) VALUES (215, 'TO', 'TON', 'Tonga', 'Kingdom of Tonga', NULL);
INSERT INTO country (id, iso3166code2, iso3166code3, name, title, description) VALUES (216, 'TT', 'TTO', 'Trinidad and Tobago', 'Republic of Trinidad and Tobago', NULL);
INSERT INTO country (id, iso3166code2, iso3166code3, name, title, description) VALUES (217, 'TN', 'TUN', 'Tunisia', 'Republic of Tunisia', NULL);
INSERT INTO country (id, iso3166code2, iso3166code3, name, title, description) VALUES (218, 'TR', 'TUR', 'Turkey', 'Republic of Turkey', NULL);
INSERT INTO country (id, iso3166code2, iso3166code3, name, title, description) VALUES (219, 'TM', 'TKM', 'Turkmenistan', NULL, NULL);
INSERT INTO country (id, iso3166code2, iso3166code3, name, title, description) VALUES (220, 'TC', 'TCA', 'Turks and Caicos Islands', NULL, NULL);
INSERT INTO country (id, iso3166code2, iso3166code3, name, title, description) VALUES (221, 'TV', 'TUV', 'Tuvalu', NULL, NULL);
INSERT INTO country (id, iso3166code2, iso3166code3, name, title, description) VALUES (222, 'UG', 'UGA', 'Uganda', 'Republic of Uganda', NULL);
INSERT INTO country (id, iso3166code2, iso3166code3, name, title, description) VALUES (223, 'UA', 'UKR', 'Ukraine', NULL, NULL);
INSERT INTO country (id, iso3166code2, iso3166code3, name, title, description) VALUES (224, 'AE', 'ARE', 'United Arab Emirates', NULL, NULL);
INSERT INTO country (id, iso3166code2, iso3166code3, name, title, description) VALUES (225, 'GB', 'GBR', 'United Kingdom', 'United Kingdom of Great Britain and Northern Ireland', NULL);
INSERT INTO country (id, iso3166code2, iso3166code3, name, title, description) VALUES (226, 'US', 'USA', 'United States', 'United States of America', NULL);
INSERT INTO country (id, iso3166code2, iso3166code3, name, title, description) VALUES (227, 'UM', 'UMI', 'United States Minor Outlying Islands', NULL, NULL);
INSERT INTO country (id, iso3166code2, iso3166code3, name, title, description) VALUES (228, 'UY', 'URY', 'Uruguay', 'Eastern Republic of Uruguay', NULL);
INSERT INTO country (id, iso3166code2, iso3166code3, name, title, description) VALUES (229, 'UZ', 'UZB', 'Uzbekistan', 'Republic of Uzbekistan', NULL);
INSERT INTO country (id, iso3166code2, iso3166code3, name, title, description) VALUES (230, 'VU', 'VUT', 'Vanuatu', 'Republic of Vanuatu', NULL);
INSERT INTO country (id, iso3166code2, iso3166code3, name, title, description) VALUES (231, 'VE', 'VEN', 'Venezuela', 'Bolivarian Republic of Venezuela', NULL);
INSERT INTO country (id, iso3166code2, iso3166code3, name, title, description) VALUES (232, 'VN', 'VNM', 'Viet Nam', 'Socialist Republic of Viet Nam', NULL);
INSERT INTO country (id, iso3166code2, iso3166code3, name, title, description) VALUES (233, 'VG', 'VGB', 'Virgin Islands, British', 'British Virgin Islands', NULL);
INSERT INTO country (id, iso3166code2, iso3166code3, name, title, description) VALUES (234, 'VI', 'VIR', 'Virgin Islands, U.S.', 'Virgin Islands of the United States', NULL);
INSERT INTO country (id, iso3166code2, iso3166code3, name, title, description) VALUES (235, 'WF', 'WLF', 'Wallis and Futuna', NULL, NULL);
INSERT INTO country (id, iso3166code2, iso3166code3, name, title, description) VALUES (236, 'EH', 'ESH', 'Western Sahara', NULL, NULL);
INSERT INTO country (id, iso3166code2, iso3166code3, name, title, description) VALUES (237, 'YE', 'YEM', 'Yemen', 'Republic of Yemen', NULL);
INSERT INTO country (id, iso3166code2, iso3166code3, name, title, description) VALUES (238, 'ZM', 'ZMB', 'Zambia', 'Republic of Zambia', NULL);
INSERT INTO country (id, iso3166code2, iso3166code3, name, title, description) VALUES (239, 'ZW', 'ZWE', 'Zimbabwe', 'Republic of Zimbabwe', NULL);
INSERT INTO country (id, iso3166code2, iso3166code3, name, title, description) VALUES (240, 'CS', 'SCG', 'Serbia and Montenegro', NULL, NULL);


--
-- TOC entry 2 (OID 1614065)
-- Name: country_id_seq; Type: SEQUENCE SET; Schema: public; Owner: carlos
--

SELECT pg_catalog.setval('country_id_seq', 240, true);


--
-- Data for TOC entry 2 (OID 1614073)
-- Name: spokenin; Type: TABLE DATA; Schema: public; Owner: carlos
--

INSERT INTO spokenin ("language", country) VALUES (149, 225);
INSERT INTO spokenin ("language", country) VALUES (159, 101);
INSERT INTO spokenin ("language", country) VALUES (146, 225);
INSERT INTO spokenin ("language", country) VALUES (147, 105);
INSERT INTO spokenin ("language", country) VALUES (148, 200);
INSERT INTO spokenin ("language", country) VALUES (247, 222);
INSERT INTO spokenin ("language", country) VALUES (235, 118);
INSERT INTO spokenin ("language", country) VALUES (403, 179);
INSERT INTO spokenin ("language", country) VALUES (427, 218);
INSERT INTO spokenin ("language", country) VALUES (64, 68);
INSERT INTO spokenin ("language", country) VALUES (241, 125);
INSERT INTO spokenin ("language", country) VALUES (410, 212);
INSERT INTO spokenin ("language", country) VALUES (413, 68);
INSERT INTO spokenin ("language", country) VALUES (466, 68);
INSERT INTO spokenin ("language", country) VALUES (413, 70);
INSERT INTO spokenin ("language", country) VALUES (467, 70);
INSERT INTO spokenin ("language", country) VALUES (408, 210);
INSERT INTO spokenin ("language", country) VALUES (404, 101);
INSERT INTO spokenin ("language", country) VALUES (401, 101);
INSERT INTO spokenin ("language", country) VALUES (457, 226);
INSERT INTO spokenin ("language", country) VALUES (144, 68);
INSERT INTO spokenin ("language", country) VALUES (468, 68);
INSERT INTO spokenin ("language", country) VALUES (144, 70);
INSERT INTO spokenin ("language", country) VALUES (469, 70);
INSERT INTO spokenin ("language", country) VALUES (143, 15);
INSERT INTO spokenin ("language", country) VALUES (470, 15);
INSERT INTO spokenin ("language", country) VALUES (143, 22);
INSERT INTO spokenin ("language", country) VALUES (471, 22);
INSERT INTO spokenin ("language", country) VALUES (143, 207);
INSERT INTO spokenin ("language", country) VALUES (472, 207);
INSERT INTO spokenin ("language", country) VALUES (143, 82);
INSERT INTO spokenin ("language", country) VALUES (473, 82);
INSERT INTO spokenin ("language", country) VALUES (143, 126);
INSERT INTO spokenin ("language", country) VALUES (474, 126);
INSERT INTO spokenin ("language", country) VALUES (100, 59);
INSERT INTO spokenin ("language", country) VALUES (204, 101);
INSERT INTO spokenin ("language", country) VALUES (157, 85);
INSERT INTO spokenin ("language", country) VALUES (119, 14);
INSERT INTO spokenin ("language", country) VALUES (475, 14);
INSERT INTO spokenin ("language", country) VALUES (119, 29);
INSERT INTO spokenin ("language", country) VALUES (476, 29);
INSERT INTO spokenin ("language", country) VALUES (119, 39);
INSERT INTO spokenin ("language", country) VALUES (477, 39);
INSERT INTO spokenin ("language", country) VALUES (119, 59);
INSERT INTO spokenin ("language", country) VALUES (478, 59);
INSERT INTO spokenin ("language", country) VALUES (119, 225);
INSERT INTO spokenin ("language", country) VALUES (479, 225);
INSERT INTO spokenin ("language", country) VALUES (119, 98);
INSERT INTO spokenin ("language", country) VALUES (480, 98);
INSERT INTO spokenin ("language", country) VALUES (119, 105);
INSERT INTO spokenin ("language", country) VALUES (481, 105);
INSERT INTO spokenin ("language", country) VALUES (119, 101);
INSERT INTO spokenin ("language", country) VALUES (482, 101);
INSERT INTO spokenin ("language", country) VALUES (119, 155);
INSERT INTO spokenin ("language", country) VALUES (483, 155);
INSERT INTO spokenin ("language", country) VALUES (119, 171);
INSERT INTO spokenin ("language", country) VALUES (484, 171);
INSERT INTO spokenin ("language", country) VALUES (119, 193);
INSERT INTO spokenin ("language", country) VALUES (485, 193);
INSERT INTO spokenin ("language", country) VALUES (119, 226);
INSERT INTO spokenin ("language", country) VALUES (486, 226);
INSERT INTO spokenin ("language", country) VALUES (119, 198);
INSERT INTO spokenin ("language", country) VALUES (487, 198);
INSERT INTO spokenin ("language", country) VALUES (119, 239);
INSERT INTO spokenin ("language", country) VALUES (488, 239);
INSERT INTO spokenin ("language", country) VALUES (76, 45);
INSERT INTO spokenin ("language", country) VALUES (489, 45);
INSERT INTO spokenin ("language", country) VALUES (76, 98);
INSERT INTO spokenin ("language", country) VALUES (490, 98);
INSERT INTO spokenin ("language", country) VALUES (76, 193);
INSERT INTO spokenin ("language", country) VALUES (491, 193);
INSERT INTO spokenin ("language", country) VALUES (76, 209);
INSERT INTO spokenin ("language", country) VALUES (492, 209);
INSERT INTO spokenin ("language", country) VALUES (41, 200);
INSERT INTO spokenin ("language", country) VALUES (493, 200);
INSERT INTO spokenin ("language", country) VALUES (41, 75);
INSERT INTO spokenin ("language", country) VALUES (494, 75);
INSERT INTO spokenin ("language", country) VALUES (122, 69);
INSERT INTO spokenin ("language", country) VALUES (387, 11);
INSERT INTO spokenin ("language", country) VALUES (495, 11);
INSERT INTO spokenin ("language", country) VALUES (387, 27);
INSERT INTO spokenin ("language", country) VALUES (496, 27);
INSERT INTO spokenin ("language", country) VALUES (387, 44);
INSERT INTO spokenin ("language", country) VALUES (497, 44);
INSERT INTO spokenin ("language", country) VALUES (387, 48);
INSERT INTO spokenin ("language", country) VALUES (498, 48);
INSERT INTO spokenin ("language", country) VALUES (387, 53);
INSERT INTO spokenin ("language", country) VALUES (499, 53);
INSERT INTO spokenin ("language", country) VALUES (387, 62);
INSERT INTO spokenin ("language", country) VALUES (500, 62);
INSERT INTO spokenin ("language", country) VALUES (387, 64);
INSERT INTO spokenin ("language", country) VALUES (501, 64);
INSERT INTO spokenin ("language", country) VALUES (387, 200);
INSERT INTO spokenin ("language", country) VALUES (502, 200);
INSERT INTO spokenin ("language", country) VALUES (387, 90);
INSERT INTO spokenin ("language", country) VALUES (503, 90);
INSERT INTO spokenin ("language", country) VALUES (387, 97);
INSERT INTO spokenin ("language", country) VALUES (504, 97);
INSERT INTO spokenin ("language", country) VALUES (387, 140);
INSERT INTO spokenin ("language", country) VALUES (505, 140);
INSERT INTO spokenin ("language", country) VALUES (387, 156);
INSERT INTO spokenin ("language", country) VALUES (506, 156);
INSERT INTO spokenin ("language", country) VALUES (387, 167);
INSERT INTO spokenin ("language", country) VALUES (507, 167);
INSERT INTO spokenin ("language", country) VALUES (387, 170);
INSERT INTO spokenin ("language", country) VALUES (508, 170);
INSERT INTO spokenin ("language", country) VALUES (387, 175);
INSERT INTO spokenin ("language", country) VALUES (509, 175);
INSERT INTO spokenin ("language", country) VALUES (387, 169);
INSERT INTO spokenin ("language", country) VALUES (510, 169);
INSERT INTO spokenin ("language", country) VALUES (387, 66);
INSERT INTO spokenin ("language", country) VALUES (511, 66);
INSERT INTO spokenin ("language", country) VALUES (387, 226);
INSERT INTO spokenin ("language", country) VALUES (512, 226);
INSERT INTO spokenin ("language", country) VALUES (387, 228);
INSERT INTO spokenin ("language", country) VALUES (513, 228);
INSERT INTO spokenin ("language", country) VALUES (387, 231);
INSERT INTO spokenin ("language", country) VALUES (514, 231);
INSERT INTO spokenin ("language", country) VALUES (348, 179);
INSERT INTO spokenin ("language", country) VALUES (515, 179);
INSERT INTO spokenin ("language", country) VALUES (348, 223);
INSERT INTO spokenin ("language", country) VALUES (516, 223);
INSERT INTO spokenin ("language", country) VALUES (202, 86);
INSERT INTO spokenin ("language", country) VALUES (346, 178);
INSERT INTO spokenin ("language", country) VALUES (45, 21);
INSERT INTO spokenin ("language", country) VALUES (62, 34);
INSERT INTO spokenin ("language", country) VALUES (435, 223);
INSERT INTO spokenin ("language", country) VALUES (451, 22);
INSERT INTO spokenin ("language", country) VALUES (47, 19);
INSERT INTO spokenin ("language", country) VALUES (517, 19);
INSERT INTO spokenin ("language", country) VALUES (47, 101);
INSERT INTO spokenin ("language", country) VALUES (518, 101);
INSERT INTO spokenin ("language", country) VALUES (58, 75);
INSERT INTO spokenin ("language", country) VALUES (56, 28);
INSERT INTO spokenin ("language", country) VALUES (196, 109);
INSERT INTO spokenin ("language", country) VALUES (316, 70);
INSERT INTO spokenin ("language", country) VALUES (519, 70);
INSERT INTO spokenin ("language", country) VALUES (316, 112);
INSERT INTO spokenin ("language", country) VALUES (520, 112);
INSERT INTO spokenin ("language", country) VALUES (313, 75);
INSERT INTO spokenin ("language", country) VALUES (454, 198);
INSERT INTO spokenin ("language", country) VALUES (68, 200);
INSERT INTO spokenin ("language", country) VALUES (449, 225);
INSERT INTO spokenin ("language", country) VALUES (98, 58);
INSERT INTO spokenin ("language", country) VALUES (237, 119);
INSERT INTO spokenin ("language", country) VALUES (334, 31);
INSERT INTO spokenin ("language", country) VALUES (521, 31);
INSERT INTO spokenin ("language", country) VALUES (334, 174);
INSERT INTO spokenin ("language", country) VALUES (522, 174);
INSERT INTO spokenin ("language", country) VALUES (409, 171);
INSERT INTO spokenin ("language", country) VALUES (325, 101);
INSERT INTO spokenin ("language", country) VALUES (333, 173);
INSERT INTO spokenin ("language", country) VALUES (360, 55);
INSERT INTO spokenin ("language", country) VALUES (174, 99);
INSERT INTO spokenin ("language", country) VALUES (169, 101);
INSERT INTO spokenin ("language", country) VALUES (165, 106);
INSERT INTO spokenin ("language", country) VALUES (439, 229);
INSERT INTO spokenin ("language", country) VALUES (258, 101);
INSERT INTO spokenin ("language", country) VALUES (279, 144);
INSERT INTO spokenin ("language", country) VALUES (260, 155);
INSERT INTO spokenin ("language", country) VALUES (252, 128);
INSERT INTO spokenin ("language", country) VALUES (274, 134);
INSERT INTO spokenin ("language", country) VALUES (264, 131);
INSERT INTO spokenin ("language", country) VALUES (262, 101);
INSERT INTO spokenin ("language", country) VALUES (1, 60);
INSERT INTO spokenin ("language", country) VALUES (523, 60);
INSERT INTO spokenin ("language", country) VALUES (1, 68);
INSERT INTO spokenin ("language", country) VALUES (524, 68);
INSERT INTO spokenin ("language", country) VALUES (1, 70);
INSERT INTO spokenin ("language", country) VALUES (525, 70);
INSERT INTO spokenin ("language", country) VALUES (9, 198);
INSERT INTO spokenin ("language", country) VALUES (442, 232);
INSERT INTO spokenin ("language", country) VALUES (178, 100);
INSERT INTO spokenin ("language", country) VALUES (15, 70);
INSERT INTO spokenin ("language", country) VALUES (193, 207);
INSERT INTO spokenin ("language", country) VALUES (526, 207);
INSERT INTO spokenin ("language", country) VALUES (193, 107);
INSERT INTO spokenin ("language", country) VALUES (527, 107);
INSERT INTO spokenin ("language", country) VALUES (20, 200);
INSERT INTO spokenin ("language", country) VALUES (18, 224);
INSERT INTO spokenin ("language", country) VALUES (528, 224);
INSERT INTO spokenin ("language", country) VALUES (18, 18);
INSERT INTO spokenin ("language", country) VALUES (529, 18);
INSERT INTO spokenin ("language", country) VALUES (18, 4);
INSERT INTO spokenin ("language", country) VALUES (530, 4);
INSERT INTO spokenin ("language", country) VALUES (18, 65);
INSERT INTO spokenin ("language", country) VALUES (531, 65);
INSERT INTO spokenin ("language", country) VALUES (18, 101);
INSERT INTO spokenin ("language", country) VALUES (532, 101);
INSERT INTO spokenin ("language", country) VALUES (18, 104);
INSERT INTO spokenin ("language", country) VALUES (533, 104);
INSERT INTO spokenin ("language", country) VALUES (18, 110);
INSERT INTO spokenin ("language", country) VALUES (534, 110);
INSERT INTO spokenin ("language", country) VALUES (18, 116);
INSERT INTO spokenin ("language", country) VALUES (535, 116);
INSERT INTO spokenin ("language", country) VALUES (18, 120);
INSERT INTO spokenin ("language", country) VALUES (536, 120);
INSERT INTO spokenin ("language", country) VALUES (18, 123);
INSERT INTO spokenin ("language", country) VALUES (537, 123);
INSERT INTO spokenin ("language", country) VALUES (18, 146);
INSERT INTO spokenin ("language", country) VALUES (538, 146);
INSERT INTO spokenin ("language", country) VALUES (18, 163);
INSERT INTO spokenin ("language", country) VALUES (539, 163);
INSERT INTO spokenin ("language", country) VALUES (18, 176);
INSERT INTO spokenin ("language", country) VALUES (540, 176);
INSERT INTO spokenin ("language", country) VALUES (18, 189);
INSERT INTO spokenin ("language", country) VALUES (541, 189);
INSERT INTO spokenin ("language", country) VALUES (18, 202);
INSERT INTO spokenin ("language", country) VALUES (542, 202);
INSERT INTO spokenin ("language", country) VALUES (18, 208);
INSERT INTO spokenin ("language", country) VALUES (543, 208);
INSERT INTO spokenin ("language", country) VALUES (18, 217);
INSERT INTO spokenin ("language", country) VALUES (544, 217);
INSERT INTO spokenin ("language", country) VALUES (18, 237);
INSERT INTO spokenin ("language", country) VALUES (545, 237);
INSERT INTO spokenin ("language", country) VALUES (464, 198);
INSERT INTO spokenin ("language", country) VALUES (34, 16);
INSERT INTO spokenin ("language", country) VALUES (187, 102);
INSERT INTO spokenin ("language", country) VALUES (112, 22);
INSERT INTO spokenin ("language", country) VALUES (546, 22);
INSERT INTO spokenin ("language", country) VALUES (112, 152);
INSERT INTO spokenin ("language", country) VALUES (547, 152);
INSERT INTO spokenin ("language", country) VALUES (301, 162);
INSERT INTO spokenin ("language", country) VALUES (305, 162);
INSERT INTO spokenin ("language", country) VALUES (302, 162);
INSERT INTO spokenin ("language", country) VALUES (296, 151);
INSERT INTO spokenin ("language", country) VALUES (366, 70);
INSERT INTO spokenin ("language", country) VALUES (88, 225);
INSERT INTO spokenin ("language", country) VALUES (412, 68);
INSERT INTO spokenin ("language", country) VALUES (132, 22);
INSERT INTO spokenin ("language", country) VALUES (548, 22);
INSERT INTO spokenin ("language", country) VALUES (132, 39);
INSERT INTO spokenin ("language", country) VALUES (549, 39);
INSERT INTO spokenin ("language", country) VALUES (132, 207);
INSERT INTO spokenin ("language", country) VALUES (550, 207);
INSERT INTO spokenin ("language", country) VALUES (132, 75);
INSERT INTO spokenin ("language", country) VALUES (551, 75);
INSERT INTO spokenin ("language", country) VALUES (132, 126);
INSERT INTO spokenin ("language", country) VALUES (552, 126);
INSERT INTO spokenin ("language", country) VALUES (329, 103);
INSERT INTO spokenin ("language", country) VALUES (129, 74);
INSERT INTO spokenin ("language", country) VALUES (126, 72);
INSERT INTO spokenin ("language", country) VALUES (142, 81);
INSERT INTO spokenin ("language", country) VALUES (12, 3);
INSERT INTO spokenin ("language", country) VALUES (222, 115);
INSERT INTO spokenin ("language", country) VALUES (397, 74);
INSERT INTO spokenin ("language", country) VALUES (553, 74);
INSERT INTO spokenin ("language", country) VALUES (397, 206);
INSERT INTO spokenin ("language", country) VALUES (554, 206);
INSERT INTO spokenin ("language", country) VALUES (386, 198);
INSERT INTO spokenin ("language", country) VALUES (371, 194);
INSERT INTO spokenin ("language", country) VALUES (384, 60);
INSERT INTO spokenin ("language", country) VALUES (555, 60);
INSERT INTO spokenin ("language", country) VALUES (384, 70);
INSERT INTO spokenin ("language", country) VALUES (556, 70);
INSERT INTO spokenin ("language", country) VALUES (384, 112);
INSERT INTO spokenin ("language", country) VALUES (557, 112);
INSERT INTO spokenin ("language", country) VALUES (384, 197);
INSERT INTO spokenin ("language", country) VALUES (558, 197);
INSERT INTO spokenin ("language", country) VALUES (372, 195);
INSERT INTO spokenin ("language", country) VALUES (374, 162);


